"Time","WW","WM","WR","MM","MR","RR"
0,250,0,0,0,0,0
2,250.000074905797,0,0,50,0,0
3,250.000143070072,0,0,45.5,0,0
4,250.000205099562,0,0,41.405,0,0
5,250.000261546398,0,0,37.67855,0,0
6,250.000312913019,0,0,34.2874805,0,0
7,250.000359656643,0,0,31.201607255,0,0
8,250.000402193342,0,0,28.39346260205,0,0
9,250.000440901738,0,0,25.8380509678655,0,0
10,250.000476126378,0,0,23.5126263807576,0,0
11,250.000508180801,0,0,21.3964900064894,0,0
12,249.635031563688,0,0,19.4708059059054,0,0
13,248.839042098605,0,0,17.7184333743739,0,0
14,247.647389050988,0,0,16.1237743706802,0,0
15,246.123513868436,0,0,14.672634677319,0,0
16,244.333989597324,0,0,13.3520975563603,0,0
17,242.03951375479,3.63251888828629,0,12.8169256370672,0,0
18,239.699042526096,6.88783781039087,0,12.2698577593439,0,0
19,237.480502188926,9.80490985426447,0,11.7208146024595,0,0
20,235.447607706768,12.4060786933285,0,11.1752853099578,0,0
21,233.623096243243,14.7081795348867,0,10.6369033365891,0,0
22,232.014731561864,16.7269378020563,0,10.1084168982702,0,0
23,230.625895039913,18.478513667579,0,9.59205068508498,0,0
24,229.456226523694,19.9792805318708,0,9.08957564056182,0,0
25,228.508696418254,21.2466491577983,0,8.60248002612152,0,0
26,227.788327996803,22.2984785034152,0,8.13195705949239,0,0
27,227.256908577858,23.1483803035381,0,7.67870192205293,0,0
28,226.866876624709,23.8094067168042,0,7.24312317082606,0,0
29,226.571425215307,24.2947301376696,0,6.8254118365486,0,0
30,226.327243073523,24.6175938731981,0,6.42558289664816,0,0
31,226.095062783587,24.7911473113409,0,6.04351067381317,0,0
32,225.79878739484,25.0590634535867,0,5.69140868044013,0,0
33,225.42267674267,25.4020884153704,0,5.36738453380127,0,0
34,224.971240922087,25.8045364959116,0,5.06954971586098,0,0
35,224.455668805745,26.2523352091347,0,4.79597850706709,0,0
36,223.888917668858,26.7323891576285,0,4.5447211297388,0,0
37,223.284285863356,27.2324839733238,0,4.31383633189398,0,0
38,222.655306221041,27.7413856648651,0,4.10142742994798,0,0
39,222.015606321288,28.248903748872,0,3.90567090364367,0,0
40,221.379669619671,28.7460810800902,0,3.72484581237561,0,0
41,220.763344721379,29.2253067848415,0,3.55735431078877,0,0
42,220.179821659141,29.6797662597703,0,3.40171428324105,0,0
43,219.638874817201,30.1033515045221,0,3.25656412962749,0,0
44,219.146844324674,30.4906449590692,0,3.12066537848982,0,0
45,218.706738766585,30.8368946702552,0,2.99290145863774,0,0
46,218.318342012472,31.1379745382984,0,2.87227356510285,0,0
47,217.974011420503,31.4025510767149,0,2.75878278857852,0,0
48,217.664817986275,31.6380240448243,0,2.65237181303298,0,0
49,217.382370453271,31.8507909201392,0,2.5529383987398,0,0
50,217.119304678214,32.046315029322,0,2.46034024612783,0,0
51,216.869331689327,32.2291444585167,0,2.37439720441624,0,0
52,216.627191188669,32.4029367562196,0,2.29489315374974,0,0
53,216.388632593934,32.5705064878306,0,2.22157841022692,0,0
54,216.150410594096,32.7338894235892,0,2.1541725727439,0,0
55,215.910384183038,32.8944354272582,0,2.09236847910331,0,0
56,215.667689593886,33.0529213841791,0,2.03583705244298,0,0
57,215.422570204132,33.2096154664188,0,1.98423059278567,0,0
58,215.176157097732,33.3643370584338,0,1.93718621375471,0,0
59,214.930242727446,33.5165157010884,0,1.89432951962366,0,0
60,214.687045309798,33.6652459054201,0,1.85527836118347,0,0
61,214.448960595386,33.8093353984052,0,1.81964652805497,0,0
62,214.217879541278,33.9480144098489,0,1.7870994973589,0,0
63,213.995092493433,34.0808613696178,0,1.75734902882703,0,0
64,213.781343943252,34.2077505091617,0,1.73014830762225,0,0
65,213.576917060486,34.3288023871461,0,1.70528702676979,0,0
66,213.38171203411,34.4443330110526,0,1.68258635871015,0,0
67,213.195313520932,34.5548024753065,0,1.66189394808808,0,0
68,213.017052463379,34.6607655175065,0,1.64307909213017,0,0
69,212.846065546167,34.7628257281002,0,1.62602822541057,0,0
70,212.68136369263,34.8615963449731,0,1.61064085914191,0,0
71,212.521918250485,34.957669800766,0,1.59682608109536,0,0
72,212.366737348119,35.0515917878044,0,1.58449946040404,0,0
73,212.214930362015,35.1438397746972,0,1.57358036108326,0,0
74,212.065759784817,35.2348058930018,0,1.56398966149811,0,0
75,211.918678356226,35.3247836572095,0,1.55564785507812,0,0
76,211.773348690232,35.4139577160254,0,1.54847349493975,0,0
77,211.629602847369,35.5024318155493,0,1.54238494455464,0,0
78,211.487396184686,35.5902520802653,0,1.53730188111994,0,0
79,211.346767260954,35.6774273411495,0,1.53314660262706,0,0
80,211.207805172111,35.7639465289746,0,1.52984512299744,0,0
81,211.070622955773,35.8497928154077,0,1.52732803074953,0,0
82,210.935335611743,35.9349543110315,0,1.52553109716145,0,0
83,210.802041923475,36.0194313667693,0,1.52439563477561,0,0
84,210.670809660631,36.1032406912544,0,1.5238686183168,0,0
85,210.541664853388,36.1864167742466,0,1.52390259542138,0,0
86,210.414586720513,36.2690113207483,0,1.52445542641835,0,0
87,210.28950772048,36.3510910479164,0,1.52548987964856,0,0
88,210.166318235406,36.432734221568,0,1.52697311118882,0,0
89,210.044875338726,36.5140262987285,0,1.52887605804496,0,0
90,209.925014817512,36.5950549767647,0,1.53117277112574,0,0
91,209.806565264664,36.6759048579824,0,1.53383971000819,0,0
92,209.689359027801,36.7566536931147,0,1.53685518768575,0,0
93,209.573239758082,36.8373699326769,0,1.54019894775638,0,0
94,209.458067186319,36.9181114504358,0,1.54385186089397,0,0
95,209.343719773923,36.998925287669,0,1.54779572572504,0,0
96,209.230095711872,37.0798482263831,0,1.55201315682141,0,0
97,209.117112584147,37.1609079733142,0,1.55648754109108,0,0
98,209.004705919587,37.2421247316897,0,1.56120304369006,0,0
99,208.892826801452,37.3235129472883,0,1.56614464532625,0,0
100,208.781438748914,37.4050830496332,0,1.57129819490381,0,0
101,208.670514214482,37.4868430636551,0,1.57665046461561,0,0
102,208.560031016082,37.5687999938186,0,1.5821891966587,0,0
103,208.449969020128,37.6509609147646,0,1.58790313314877,0,0
104,208.340307384825,37.7333337335488,0,1.59378202322257,0,0
105,208.231022634729,37.8159276123765,0,1.59981660342418,0,0
106,208.122087760646,37.8987530549511,0,1.60599854912603,0,0
107,208.013472089236,37.9818217485933,0,1.61232040525769,0,0
108,207.905141665006,38.065146239485,0,1.61877550368307,0,0
109,207.797059949222,38.1487395138927,0,1.62535787398012,0,0
110,207.689188696267,38.2326145511379,0,1.63206215358506,0,0
111,207.581488905522,38.3167839027495,0,1.63888350222047,0,0
112,207.473921769383,38.4012593381343,0,1.6458175243293,0,0
113,207.366449551414,38.4860515820574,0,1.65286020199415,0,0
114,207.259036335879,38.5711701543908,0,1.66000783960793,0,0
115,207.15164859937,38.6566233100431,0,1.66725702049145,0,0
116,207.044255574614,38.742418068552,0,1.67460457482451,0,0
117,206.936829394946,38.8285603164159,0,1.6820475575815,0,0
118,206.829345029039,38.9150549616398,0,1.68958323468235,0,0
119,206.721780038815,39.0019061190677,0,1.69720907528501,0,0
120,206.614114215937,39.0891173061407,0,1.70492274802257,0,0
121,206.506329169866,39.1766916307894,0,1.71272211898164,0,0
122,206.398407919397,39.264631958036,0,1.72060524974827,0,0
123,206.290334519978,39.3529410461033,0,1.72857039432892,0,0
124,206.182093745343,39.4416216471536,0,1.73661599421369,0,0
125,206.07367083296,39.5306765718879,0,1.74474067126575,0,0
126,205.965051296748,39.6201087207114,0,1.75294321847138,0,0
127,205.856220806138,39.7099210867611,0,1.76122258885385,0,0
128,205.747165126999,39.8001167376808,0,1.7695778830373,0,0
129,205.637870116617,39.8906987835843,0,1.77800833604245,0,0
130,205.528321761807,39.9816703383203,0,1.78651330391499,0,0
131,205.41850624708,40.0730344802294,0,1.79509225074705,0,0
132,205.30841003856,40.1647942172236,0,1.80374473656483,0,0
133,205.198019969467,40.2569524594696,0,1.81247040643729,0,0
134,205.087323314915,40.3495120014548,0,1.8212689810288,0,0
135,204.976307847484,40.4424755139318,0,1.83014024868524,0,0
136,204.864961870405,40.5358455452312,0,1.83908405901786,0,0
137,204.753274228671,40.6296245306644,0,1.84810031785351,0,0
138,204.641234300511,40.7238148081686,0,1.85718898335309,0,0
139,204.528831972632,40.8184186380458,0,1.86635006306151,0,0
140,204.41605760319,40.9134382245995,0,1.87558361164165,0,0
141,204.302901976508,41.0088757376559,0,1.88488972905619,0,0
142,204.189356253479,41.1047333323136,0,1.89426855899083,0,0
143,204.07541192132,41.2010131657295,0,1.90372028735337,0,0
144,203.961060745905,41.2977174102489,0,1.91324514073031,0,0
145,203.846294729262,41.3948482626591,0,1.92284338472942,0,0
146,203.731106074064,41.4924079497444,0,1.93251532218032,0,0
147,203.615487156035,41.5903987306154,0,1.94226129120029,0,0
148,203.499430504253,41.6888228964604,0,1.95208166315962,0,0
149,203.382928788529,41.7876827684444,0,1.9619768405973,0,0
150,203.265974812437,41.8869806944726,0,1.97194725514576,0,0
151,203.148561510411,41.9867190454853,0,1.98199336552339,0,0
152,203.030681947379,42.0869002118545,0,1.99211565564721,0,0
153,202.912329319597,42.1875266003256,0,2.00231463290753,0,0
154,202.793496955578,42.2886006318012,0,2.01259082663271,0,0
155,202.674178316291,42.3901247401157,0,2.0229447867581,0,0
156,202.554366994043,42.4921013718136,0,2.03337708269954,0,0
157,202.43405670972,42.5945329868331,0,2.04388830241988,0,0
158,202.313241308271,42.6974220599205,0,2.05447905166843,0,0
159,202.19191475254,42.8007710825524,0,2.06514995336703,0,0
160,202.070071115693,42.904582565136,0,2.07590164711408,0,0
161,201.947704572642,43.0088590392706,0,2.08673478877782,0,0
162,201.824809390891,43.1136030598898,0,2.09765005015276,0,0
163,201.70137992128,43.2188172071457,0,2.10864811865687,0,0
164,201.577410588996,43.3245040879465,0,2.1197296970523,0,0
165,201.452895885178,43.4306663371013,0,2.1308955031773,0,0
166,201.327830359306,43.5373066180671,0,2.14214626968214,0,0
167,201.202208612472,43.6444276233265,0,2.1534827437661,0,0
168,201.07602529156,43.7520320744532,0,2.1649056869165,0,0
169,200.949275084295,43.8601227219355,0,2.17641587465302,0,0
170,200.821952715051,43.9687023448388,0,2.18801409628262,0,0
171,200.694052941321,44.0777737503829,0,2.19970115467043,0,0
172,200.565570550677,44.1873397735046,0,2.21147786603229,0,0
173,200.436500358099,44.29740327646,0,2.22334505975331,0,0
174,200.306837203527,44.4079671485054,0,2.23530357823583,0,0
175,200.176575949515,44.5190343056794,0,2.24735427677843,0,0
176,200.045711478901,44.6306076906934,0,2.25949802348627,0,0
177,199.914238692422,44.7426902729257,0,2.27173569921174,0,0
178,199.782152506258,44.8552850485052,0,2.28406819752318,0,0
179,199.649447849489,44.968395040465,0,2.29649642469878,0,0
180,199.516119661479,45.0820232989432,0,2.30902129974232,0,0
181,199.382162889227,45.1961729014084,0,2.3216437544172,0,0
182,199.247572484718,45.3108469528883,0,2.33436473329543,0,0
183,199.112343402305,45.4260485861853,0,2.34718519381849,0,0
184,198.97647059616,45.5417809620639,0,2.36010610636759,0,0
185,198.83994901783,45.6580472694053,0,2.37312845434139,0,0
186,198.702773613916,45.7748507253233,0,2.38625323423981,0,0
187,198.564939323883,45.8921945752457,0,2.39948145575315,0,0
188,198.426441078021,46.0100820929632,0,2.41281414185627,0,0
189,198.287273795543,46.1285165806552,0,2.42625232890788,0,0
190,198.147432382816,46.247501368899,0,2.43979706675523,0,0
191,198.006911731714,46.3670398166706,0,2.45344941884474,0,0
192,197.865706718078,46.4871353113465,0,2.467210462339,0,0
193,197.723812200252,46.6077912687092,0,2.48108128824068,0,0
194,197.581223017697,46.7290111329657,0,2.49506300152358,0,0
195,197.437933989655,46.8507983767784,0,2.50915672127117,0,0
196,197.293939913859,46.9731565013122,0,2.52336358082261,0,0
197,197.14923556527,47.0960890362972,0,2.5376847279262,0,0
198,197.00381569484,47.2195995401062,0,2.55212132489991,0,0
199,196.857675028306,47.3436915998445,0,2.56667454879899,0,0
200,196.71080826499,47.4683688314508,0,2.58134559158985,0,0
201,196.563210076633,47.5936348798049,0,2.59613566033021,0,0
202,196.414875106239,47.7194934188413,0,2.61104597735477,0,0
203,196.26579796696,47.8459481516655,0,2.62607778046634,0,0
204,196.115973240987,47.9730028106716,0,2.64123232313181,0,0
205,195.965395478486,48.1006611576598,0,2.65651087468296,0,0
206,195.81405919656,48.2289269839532,0,2.6719147205218,0,0
207,195.661958878239,48.3578041105143,0,2.68744516233031,0,0
208,195.509088971503,48.4872963880598,0,2.70310351828463,0,0
209,195.355443888339,48.6174076971761,0,2.71889112327366,0,0
210,195.201018003818,48.7481419484345,0,2.73480932912203,0,0
211,195.04580565521,48.8795030825078,0,2.75085950481769,0,0
212,194.889801141117,49.011495070289,0,2.76704303674401,0,0
213,194.732998720624,49.1441219130118,0,2.78336132891665,0,0
214,194.575392612479,49.2773876423748,0,2.79981580322514,0,0
215,194.416976994281,49.4112963206682,0,2.8164078996794,0,0
216,194.257746001689,49.5458520409044,0,2.83313907666108,0,0
217,194.097693727642,49.6810589269517,0,2.8500108111799,0,0
218,193.936814221587,49.8169211336714,0,2.86702459913503,0,0
219,193.775101488726,49.9534428470573,0,2.88418195558139,0,0
220,193.61254948926,50.0906282843785,0,2.90148441500108,0,0
221,193.449152137655,50.2284816943232,0,2.91893353157974,0,0
222,193.284903301906,50.3670073571455,0,2.9365308794881,0,0
223,193.119796802816,50.5062095848124,0,2.95427805316844,0,0
224,192.953826413278,50.6460927211527,0,2.97217666762632,0,0
225,192.78698585757,50.7866611420061,0,2.99022835872727,0,0
226,192.61926881065,50.9279192553727,0,3.0084347834988,0,0
227,192.450668897464,51.0698715015637,0,3.0267976204375,0,0
228,192.281179692261,51.2125223533505,0,3.04531856982154,0,0
229,192.11079471791,51.3558763161161,0,3.06399935402846,0,0
230,191.939507445225,51.4999379280049,0,3.0828417178584,0,0
231,191.767311292296,51.6447117600729,0,3.1018474288629,0,0
232,191.594199623826,51.790202416438,0,3.12101827767924,0,0
233,191.420165750469,51.9364145344301,0,3.14035607837055,0,0
234,191.245202928172,52.083352784741,0,3.15986266877167,0,0
235,191.069304357524,52.2310218715735,0,3.17953991084095,0,0
236,190.892463183106,52.379426532791,0,3.19938969101796,0,0
237,190.714672492838,52.5285715400658,0,3.21941392058739,0,0
238,190.535925317338,52.678461699027,0,3.23961453604904,0,0
239,190.356214629275,52.8291018494073,0,3.25999349949415,0,0
240,190.175533342724,52.9804968651894,0,3.28055279898807,0,0
241,189.993874312526,53.1326516547503,0,3.30129444895942,0,0
242,189.811230333646,53.2855711610049,0,3.32222049059585,0,0
243,189.62759414053,53.4392603615476,0,3.34333299224644,0,0
244,189.442958406468,53.5937242687924,0,3.36463404983095,0,0
245,189.25731574295,53.7489679301107,0,3.38612578725589,0,0
246,189.07065869903,53.9049964279671,0,3.40781035683766,0,0
247,188.882979760683,54.0618148800534,0,3.42968993973281,0,0
248,188.694271350167,54.2194284394187,0,3.45176674637555,0,0
249,188.504525825382,54.3778422945983,0,3.47404301692258,0,0
250,188.31373547923,54.5370616697389,0,3.49652102170552,0,0
251,188.121892538975,54.6970918247209,0,3.51920306169082,0,0
252,187.928989165596,54.8579380552775,0,3.54209146894758,0,0
253,187.735017453155,55.0196056931105,0,3.56518860712315,0,0
254,187.539969428143,55.1821001060019,0,3.58849687192679,0,0
255,187.343837048844,55.3454266979226,0,3.61201869162153,0,0
256,187.146612204688,55.5095909091365,0,3.63575652752429,0,0
257,186.948286715601,55.6745982163003,0,3.65971287451447,0,0
258,186.748852331366,55.8404541325589,0,3.68389026155116,0,0
259,186.548300730967,56.0071642076364,0,3.70829125219907,0,0
260,186.346623521944,56.1747340279219,0,3.73291844516337,0,0
261,186.143812239744,56.3431692165502,0,3.75777447483363,0,0
262,185.939858347065,56.5124754334771,0,3.78286201183686,0,0
263,185.734753233205,56.6826583755489,0,3.80818376360005,0,0
264,185.528488213409,56.8537237765665,0,3.83374247492221,0,0
265,185.321054528215,57.0256774073422,0,3.859540928556,0,0
266,185.112443342794,57.1985250757515,0,3.88558194579944,0,0
267,184.902645746296,57.3722726267766,0,3.91186838709747,0,0
268,184.69165275119,57.5469259425445,0,3.93840315265381,0,0
269,184.479455292605,57.7224909423562,0,3.96518918305326,0,0
270,184.266044227671,57.8989735827091,0,3.99222945989449,0,0
271,184.051410334857,58.0763798573118,0,4.01952700643362,0,0
272,183.83554431331,58.2547157970897,0,4.04708488823882,0,0
273,183.61843678219,58.4339874701826,0,4.07490621385595,0,0
274,183.400078280012,58.6142009819332,0,4.10299413548559,0,0
275,183.180459263978,58.7953624748668,0,4.13135184967161,0,0
276,182.959570109317,58.9774781286603,0,4.15998259800146,0,0
277,182.737401108619,59.1605541601025,0,4.18888966781841,0,0
278,182.513942471171,59.344596823043,0,4.21807639294591,0,0
279,182.289184322294,59.5296124083308,0,4.24754615442439,0,0
280,182.063116702681,59.7156072437422,0,4.27730238126049,0,0
281,181.83572956773,59.9025876938957,0,4.30734855118925,0,0
282,181.607012786887,60.0905601601569,0,4.3376881914492,0,0
283,181.376956142979,60.279531080529,0,4.36832487957073,0,0
284,181.145549331558,60.4695069295322,0,4.39926224417794,0,0
285,180.912781960236,60.6604942180684,0,4.43050396580414,0,0
286,180.678643548035,60.8524994932731,0,4.46205377772138,0,0
287,180.443123524724,61.045529338352,0,4.49391546678405,0,0
288,180.206211230168,61.2395903724042,0,4.52609287428702,0,0
289,179.967895913675,61.4346892502289,0,4.55858989683832,0,0
290,179.728166733346,61.6308326621168,0,4.59141048724687,0,0
291,179.48701275543,61.8280273336252,0,4.6245586554253,0,0
292,179.24442295368,62.0262800253362,0,4.65803846930825,0,0
293,179.000386208711,62.225597532597,0,4.69185405578634,0,0
294,178.754891307364,62.4259866852431,0,4.72600960165614,0,0
295,178.507926942076,62.6274543473013,0,4.76050935458638,0,0
296,178.259481710249,62.8300074166755,0,4.79535762410061,0,0
297,178.009544113626,63.0336528248105,0,4.83055878257677,0,0
298,177.758102557679,63.2383975363364,0,4.86611726626372,0,0
299,177.505145350988,63.4442485486917,0,4.90203757631517,0,0
300,177.250660704642,63.6512128917243,0,4.93832427984136,0,0
301,176.994636731633,63.8592976272694,0,4.97498201097851,0,0
302,176.737061446268,64.0685098487048,0,5.01201547197669,0,0
303,176.477922763579,64.2788566804816,0,5.04942943430613,0,0
304,176.21720849875,64.4903452776298,0,5.08722873978245,0,0
305,175.954906366541,64.7029828252391,0,5.12541830171104,0,0
306,175.691003980733,64.916776537912,0,5.16400310605093,0,0
307,175.425488853575,65.1317336591901,0,5.20298821259847,0,0
308,175.158348395242,65.3478614609526,0,5.24237875619113,0,0
309,174.889569913306,65.5651672427849,0,5.28217994793176,0,0
310,174.619140612216,65.7836583313177,0,5.32239707643365,0,0
311,174.347047592789,66.0033420795349,0,5.36303550908671,0,0
312,174.073277851719,66.2242258660498,0,5.40410069334509,0,0
313,173.797818281092,66.4463170943485,0,5.44559815803663,0,0
314,173.52065566792,66.6696231919987,0,5.48753351469448,0,0
315,173.241776693685,66.8941516098245,0,5.52991245891115,0,0
316,172.961167933905,67.1199098210444,0,5.5727407717155,0,0
317,172.678815857712,67.3469053203729,0,5.61602432097289,0,0
318,172.394706827444,67.5751456230834,0,5.65976906280895,0,0
319,172.108827098262,67.8046382640315,0,5.7039810430572,0,0
320,171.82116281778,68.0353907966385,0,5.74866639873111,0,0
321,171.531700025715,68.2674107918323,0,5.79383135952072,0,0
322,171.240424653565,68.5007058369459,0,5.83948224931436,0,0
323,170.947322524296,68.735283534571,0,5.88562548774582,0,0
324,170.652379352059,68.9711515013665,0,5.93226759176727,0,0
325,170.355580741934,69.2083173668197,0,5.97941517724843,0,0
326,170.05691218969,69.4467887719591,0,6.02707496060227,0,0
327,169.756359081575,69.6865733680177,0,6.07525376043773,0,0
328,169.453906694132,69.9276788150446,0,6.12395849923969,0,0
329,169.149540194047,70.1701127804644,0,6.1731962050768,0,0
330,168.843244638017,70.4138829375818,0,6.22297401333737,0,0
331,168.53500497266,70.6589969640307,0,6.27329916849383,0,0
332,168.224806034445,70.9054625401658,0,6.32417902589608,0,0
333,167.912632549662,71.1532873473948,0,6.37562105359419,0,0
334,167.598469134427,71.40247906645,0,6.42763283419084,0,0
335,167.282300294721,71.6530453755979,0,6.48022206672382,0,0
336,166.964110426461,71.904993948783,0,6.5333965685791,0,0
337,166.64388381562,72.1583324537074,0,6.58716427743481,0,0
338,166.321604638379,72.4130685498405,0,6.64153325323649,0,0
339,165.997256961324,72.6692098863603,0,6.6965116802041,0,0
340,165.670824741688,72.9267641000216,0,6.75210786887113,0,0
341,165.342291827634,73.1857388129515,0,6.80833025815616,0,0
342,165.011641958589,73.4461416303676,0,6.86518741746735,0,0
343,164.678858765626,73.7079801382195,0,6.92268804884022,0,0
344,164.343925771893,73.9712619007489,0,6.98084098910904,0,0
345,164.0068263931,74.2359944579681,0,7.03965521211235,0,0
346,163.667543938058,74.5021853230536,0,7.09913983093278,0,0
347,163.326061609271,74.7698419796523,0,7.15930410017179,0,0
348,162.982362503595,75.0389718790992,0,7.2201574182595,0,0
349,162.636429612949,75.3095824375422,0,7.28170932980007,0,0
350,162.288245825094,75.581681032974,0,7.34396952795293,0,0
351,161.937793924478,75.8552750021659,0,7.40694785685027,0,0
352,161.585056593144,76.1303716375032,0,7.47065431405107,0,0
353,161.230016411711,76.4069781837182,0,7.53509905303204,0,0
354,160.872655860432,76.6851018345188,0,7.60029238571577,0,0
355,160.512957320314,76.964749729109,0,7.66624478503636,0,0
356,160.150903074333,77.2459289486,0,7.73296688754295,0,0
357,159.786475308715,77.5286465123074,0,7.8004694960413,0,0
358,159.419656114307,77.812909373933,0,7.86876358227371,0,0
359,159.050427488036,78.0987244176271,0,7.93786028963767,0,0
360,158.678771334449,78.3860984539286,0,8.00777093594328,0,0
361,158.304669467352,78.67503821558,0,8.07850701620985,0,0
362,157.928103611545,78.9655503532143,0,8.15008020550172,0,0
363,157.549055404647,79.2576414309098,0,8.22250236180361,0,0
364,157.167506399033,79.5513179216098,0,8.29578552893562,0,0
365,156.783438063866,79.8465862024044,0,8.369941939508,0,0
366,156.396831787247,80.1434525496702,0,8.44498401791585,0,0
367,156.00766887847,80.4419231340648,0,8.52092438337379,0,0
368,155.615930570393,80.7420040153725,0,8.59777585299071,0,0
369,155.221598021933,81.0437011371977,0,8.67555144488469,0,0
370,154.824652320681,81.3470203215016,0,8.7542643813379,0,0
371,154.425074485641,81.6519672629793,0,8.83392809199168,0,0
372,154.022845470105,81.9585475232739,0,8.91455621708164,0,0
373,153.617946164664,82.2667665250215,0,8.99616261071266,0,0
374,153.21035740035,82.5766295457263,0,9.0787613441737,0,0
375,152.80005995193,82.8881417114589,0,9.16236670929223,0,0
376,152.387034541348,83.201307990376,0,9.24699322182806,0,0
377,151.971261841312,83.5161331860558,0,9.33265562490632,0,0
378,151.552722479046,83.8326219306458,0,9.41936889248923,0,0
379,151.131397040199,84.1507786778186,0,9.50714823288645,0,0
380,150.707266072928,84.4706076955314,0,9.59600909230332,0,0
381,150.280310092139,84.7921130585846,0,9.68596715842685,0,0
382,149.850509583923,85.1152986409754,0,9.77703836404866,0,0
383,149.417845010155,85.4401681080424,0,9.86923889072447,0,0
384,148.982296813298,85.7667249083957,0,9.96258517246934,0,0
385,148.543845421387,86.0949722656286,0,10.0570938994881,0,0
386,148.102471253215,86.4249131698068,0,10.1527820219399,0,0
387,147.658154723725,86.7565503687292,0,10.2496667537365,0,0
388,147.210876249611,87.0898863589575,0,10.3477655763729,0,0
389,146.760616255131,87.4249233766076,0,10.4470962427891,0,0
390,146.307355178143,87.7616633879009,0,10.547676781263,0,0
391,145.851073476373,88.1001080794682,0,10.6495254993318,0,0
392,145.391751633907,88.4402588484029,0,10.7526609877412,0,0
393,144.929370167934,88.7821167920592,0,10.8571021244218,0,0
394,144.463909635724,89.1256826975887,0,10.9628680784895,0,0
395,143.99535064187,89.4709570312126,0,11.0699783142702,0,0
396,143.52367384578,89.8179399272239,0,11.1784525953452,0,0
397,143.048859969439,90.1666311767148,0,11.2883109886173,0,0
398,142.570889805446,90.5170302160247,0,11.399573868394,0,0
399,142.089744225327,90.8691361149044,0,11.5122619204871,0,0
400,141.605404188135,91.2229475643917,0,11.6263961463253,0,0
401,141.117850749347,91.5784628643936,0,11.7419978670782,0,0
402,140.62706507006,91.9356799109712,0,11.8590887277894,0,0
403,140.133028426493,92.2945961833214,0,11.9776907015147,0,0
404,139.635722219812,92.6552087304532,0,12.0978260934647,0,0
405,139.135127986267,93.0175141575522,0,12.2195175451467,0,0
406,138.631227407671,93.3815086120305,0,12.3427880385042,0,0
407,138.124002322209,93.7471877692568,0,12.4676609000501,0,0
408,137.613434735594,94.1145468179638,0,12.5941598049904,0,0
409,137.099506832581,94.4835804453284,0,12.7223087813341,0,0
410,136.582200988837,94.8542828217208,0,12.8521322139867,0,0
411,136.061499783183,95.2266475851197,0,12.9836548488211,0,0
412,135.537386010206,95.6006678251893,0,13.1169017967245,0,0
413,135.009842693266,95.9763360670165,0,13.2518985376136,0,0
414,134.478853097885,96.3536442545029,0,13.388670924416,0,0
415,133.944400745541,96.7325837334118,0,13.5272451870116,0,0
416,133.406469427868,97.1131452340651,0,13.6676479361285,0,0
417,132.865043221269,97.4953188536899,0,13.8099061671887,0,0
418,132.320106501957,97.8790940384119,0,13.9540472640979,0,0
419,131.771643961421,98.2644595648941,0,14.1000990029727,0,0
420,131.219640622329,98.6514035216198,0,14.2480895557992,0,0
421,130.664081854882,99.0399132898194,0,14.3980474940169,0,0
422,130.104953393616,99.4299755240397,0,14.5500017920211,0,0
423,129.542241354665,99.821576132356,0,14.7039818305752,0,0
424,128.975932253487,100.214700256228,0,14.8600174001277,0,0
425,128.406013023069,100.609332250001,0,15.0181387040247,0,0
426,127.832471032607,101.005455660047,0,15.1783763616097,0,0
427,127.255294106675,101.403053203563,0,15.3407614112029,0,0
428,126.674470544885,101.802106747011,0,15.5053253129517,0,0
429,126.089989142045,102.202597284213,0,15.6720999515412,0,0
430,125.501839208823,102.604504914106,0,15.841117638758,0,0
431,124.910010592915,103.007808818156,0,16.0124111158952,0,0
432,124.314493700735,103.412487237435,0,16.1860135559895,0,0
433,123.715279519614,103.818517449378,0,16.3619585658794,0,0
434,123.112359640527,104.225875744209,0,16.5402801880736,0,0
435,122.505726281347,104.634537401063,0,16.7210129024181,0,0
436,121.895372310622,105.044476663798,0,16.9041916275502,0,0
437,121.28129127189,105.455666716508,0,17.0898517221273,0,0
438,120.663477408527,105.868079658754,0,17.2780289858173,0,0
439,120.04192568912,106.281686480524,0,17.4687596600383,0,0
440,119.416631833394,106.696457036919,0,17.662080428433,0,0
441,118.787592338658,107.112360022605,0,17.8580284170655,0,0
442,118.154804506793,107.529362946019,0,18.0566411943233,0,0
443,117.518266471772,107.947432103358,0,18.2579567705131,0,0
444,116.877977227718,108.366532552376,0,18.4620135971318,0,0
445,116.233936657474,108.786628085984,0,18.6688505657993,0,0
446,115.586145561713,109.207681205695,0,18.8785070068351,0,0
447,114.934605688557,109.629653094923,0,19.091022687463,0,0
448,114.279319763711,110.052503592167,0,19.3064378096271,0,0
449,113.620291521102,110.476191164088,0,19.5247930073992,0,0
450,112.95752573401,110.900672878527,0,19.746129343963,0,0
451,112.291028246693,111.325904377476,0,19.9704883081527,0,0
452,111.620806006478,111.751839850028,0,20.1979118105307,0,0
453,110.946867096324,112.178432005357,0,20.4284421789811,0,0
454,110.269220767823,112.60563204573,0,20.6621221538032,0,0
455,109.587877474648,113.033389639617,0,20.8989948822808,0,0
456,108.902848906402,113.461652894913,0,21.1391039127094,0,0
457,108.214148022878,113.890368332315,0,21.3824931878587,0,0
458,107.521789088691,114.319480858902,0,21.6292070378492,0,0
459,106.82578770826,114.748933741954,0,21.8792901724208,0,0
460,106.126160861136,115.178668583048,0,22.1327876725722,0,0
461,105.42292693762,115.608625292493,0,22.3897449815464,0,0
462,104.716105774671,116.038742064141,0,22.6502078951413,0,0
463,104.005718692054,116.468955350622,0,22.9142225513221,0,0
464,103.291788528713,116.89919983907,0,23.1818354191101,0,0
465,102.574339679318,117.329408427386,0,23.4530932867267,0,0
466,101.853398130962,117.759512201087,0,23.7280432489675,0,0
467,101.128991499967,118.189440410826,0,24.0067326937822,0,0
468,100.401149068755,118.619120450615,0,24.2892092880371,0,0
469,99.6699018227383,119.048477836847,0,24.5755209624356,0,0
470,98.9352824871945,119.47743618815,0,24.8657158955716,0,0
471,98.1973255640633,119.905917206179,0,25.1598424970942,0,0
472,97.4560673686244,120.333840657389,0,25.4579493899561,0,0
473,96.7115460659978,120.761124355872,0,25.7600853917248,0,0
474,95.963801707412,121.187684147351,0,26.0662994949315,0,0
475,95.2128762661797,121.613433894379,0,26.376640846434,0,0
476,94.4588136733197,122.038285462854,0,26.6911587257714,0,0
477,93.7016598527606,122.462148709917,0,27.0099025224875,0,0
478,92.9414627560574,122.884931473322,0,27.3329217124003,0,0
479,92.1782723965518,123.306539562372,0,27.6602658327972,0,0
480,91.4121408829015,123.726876750498,0,27.991984456533,0,0
481,90.6431224519041,124.145844769595,0,28.328127165013,0,0
482,89.8712735005346,124.563343306181,0,28.6687435200395,0,0
483,89.0966526171159,124.979269999499,0,29.0138830345053,0,0
484,88.3193206115368,125.393520441649,0,29.3635951419151,0,0
485,87.5393405444305,125.805988179848,0,29.7179291647206,0,0
486,86.7567777552232,126.216564720917,0,30.076934281452,0,0
487,85.9716998889597,126.62513953811,0,30.4406594926352,0,0
488,85.1841769218106,127.031600080364,0,30.8091535854805,0,0
489,84.3942811851631,127.435831784097,0,31.1824650973331,0,0
490,83.6020873881949,127.837718087644,0,31.5606422778772,0,0
491,82.8076726388291,128.237140448433,0,31.943733050087,0,0
492,82.0111164629641,128.633978363023,0,32.3317849699192,0,0
493,81.2125008218724,129.028109390079,0,32.724845184745,0,0
494,80.4119101276596,129.419409176419,0,33.1229603905214,0,0
495,79.6094312566727,129.807751486214,0,33.5261767877037,0,0
496,78.8051535607466,130.193008233448,0,33.9345400359044,0,0
497,77.9991688761749,130.575049517743,0,34.348095207305,0,0
498,77.1915715302918,130.953743663643,0,34.7668867388329,0,0
499,76.3824583455492,131.328957263449,0,35.1909583831142,0,0
500,75.5719286409744,131.700555223709,0,35.6203531582213,0,0
501,74.7600842308936,132.068400815444,0,36.0551132962337,0,0
502,73.9470294208036,132.432355728198,0,36.4952801906347,0,0
503,73.1328710002798,132.792280128004,0,36.9408943425731,0,0
504,72.3177182328033,133.148032719325,0,37.3919953060173,0,0
505,71.5016828423979,133.499470811066,0,37.8486216318381,0,0
506,70.6848789969619,133.846450386709,0,38.3108108108582,0,0
507,69.8674232881887,134.188826178641,0,38.7785992159098,0,0
508,69.0494347079673,134.526451746726,0,39.2520220429474,0,0
509,68.2310346211606,134.859179561174,0,39.7311132512669,0,0
510,67.4123467346593,135.186861089744,0,40.215905502885,0,0
511,66.5934970626158,135.509346889319,0,40.70643010114,0,0
512,65.7746138877662,135.826486701872,0,41.2027169285769,0,0
513,64.9558277187515,136.138129554841,0,41.7047943841863,0,0
514,64.1372712433574,136.444123865926,0,42.2126893200702,0,0
515,63.3190792775964,136.744317552283,0,42.7264269776136,0,0
516,62.5013887105613,137.038558144127,0,43.2460309232437,0,0
517,61.6843384449894,137.326692902693,0,43.771522983865,0,0
518,60.8680693334804,137.608568942537,0,44.302923182063,0,0
519,60.0527241103231,137.884033358102,0,44.8402496711732,0,0
520,59.2384473188903,138.152933354519,0,45.383518670317,0,0
521,58.4253852345753,138.415116382528,0,45.9327443995113,0,0
522,57.6136857832483,138.670430277462,0,46.4879390149633,0,0
523,56.8034984552264,138.918723402167,0,47.0491125446643,0,0
524,55.9949742147563,139.159844793751,0,47.6162728244036,0,0
525,55.1882654050249,139.393644314024,0,48.1894254343257,0,0
526,54.3835256487226,139.61997280348,0,48.7685736361592,0,0
527,53.580909744195,139.838682238658,0,49.3537183112477,0,0
528,52.7805735572357,140.049625892707,0,49.9448578995194,0,0
529,51.9826739085809,140.252658498947,0,50.5419883395326,0,0
530,51.1873684571837,140.447636417233,0,51.1451030097397,0,0
531,50.3948155793591,140.63441780288,0,51.754192671113,0,0
532,49.6051742439028,140.812862777916,0,52.3692454112793,0,0
533,48.8186038833041,140.982833604405,0,52.9902465903124,0,0
534,48.0352642611865,141.144194859562,0,53.6171787883337,0,0
535,47.2553153361233,141.296813612378,0,54.2500217550723,0,0
536,46.4789171219928,141.440559601446,0,54.888752361538,0,0
537,45.7062295450493,141.57530541368,0,55.53334455396,0,0
538,44.9374122979047,141.700926663591,0,56.1837693101444,0,0
539,44.1726246906263,141.817302172767,0,56.8399945984026,0,0
540,43.4120254991748,141.924314149225,0,57.5019853392041,0,0
541,42.6557728114161,142.021848366238,0,58.1697033697011,0,0
542,41.9040238709606,142.10979434028,0,58.8431074112759,0,0
543,41.1569349190909,142.188045507684,0,59.5221530402542,0,0
544,40.4146610350569,142.256499399631,0,60.2067926619282,0,0
545,39.6773559750265,142.315057815043,0,60.8969754880281,0,0
546,38.9451720099956,142.363626990983,0,61.5926475177751,0,0
547,38.2182597629675,142.402117770143,0,62.2937515226476,0,0
548,37.4967680457279,142.430445764977,0,63.0002270349822,0,0
549,36.780843695547,142.448531518087,0,63.7120103405302,0,0
550,36.070631412151,142.456300658393,0,64.429034475079,0,0
551,35.3662735953134,142.4536840527,0,65.1512292252433,0,0
552,34.6679101834213,142.440617952199,0,65.878521133524,0,0
553,33.9756784933804,142.417044133511,0,66.6108335077214,0,0
554,33.2897130622234,142.382910033828,0,67.3480864347828,0,0
555,32.6101454907937,142.338168879758,0,68.0901967991558,0,0
556,31.9371042898741,142.282779809458,0,68.8370783057065,0,0
557,31.2707147291339,142.216707987667,0,69.5886415072538,0,0
558,30.611098689266,142.139924713254,0,70.344793836759,0,0
559,29.9583745176829,142.052407518903,0,71.1054396441996,0,0
560,29.3126568881378,141.9541402626,0,71.8704802381442,0,0
561,28.6740566646311,141.845113210553,0,72.6398139320346,0,0
562,28.0426807699575,141.725323111249,0,73.4133360951675,0,0
563,27.4186320592387,141.594773260342,0,74.1909392083587,0,0
564,26.8020091987807,141.45347355607,0,74.972512924257,0,0
565,26.1929065505788,141.301440544981,0,75.7579441322649,0,0
566,25.5914140627882,141.138697457693,0,76.5471170280096,0,0
567,24.997617166457,140.965274234511,0,77.3399131872954,0,0
568,24.4115966788086,140.781207540704,0,78.1362116444554,0,0
569,23.8334287133425,140.586540771285,0,78.9358889750076,0,0
570,23.2631845970057,140.381324045177,0,79.73881938251,0,0
571,22.7009307946654,140.16561418866,0,80.5448747894934,0,0
572,22.1467288410996,139.939474708041,0,81.3539249323427,0,0
573,21.6006352806951,139.702975751499,0,82.1658374599812,0,0
574,21.0627016150252,139.45619406011,0,82.9804780362052,0,0
575,20.5329742584554,139.199212908085,0,83.7977104455016,0,0
576,20.0114945019009,138.93212203226,0,84.6173967021727,0,0
577,19.4982984848379,138.655017550949,0,85.4393971625815,0,0
578,18.9934171756456,138.36800187228,0,86.2635706403205,0,0
579,18.4968763603288,138.071183592158,0,87.0897745240992,0,0
580,18.0086966396506,137.764677382051,0,87.917864898136,0,0
581,17.5288934346732,137.448603866824,0,88.7476966648331,0,0
582,17.0574770006857,137.123089492844,0,89.5791236695044,0,0
583,16.5944524494672,136.788266386664,0,90.4119988269232,0,0
584,16.1398197798123,136.444272204565,0,91.2461742494469,0,0
585,15.6935739162184,136.091249973305,0,92.0815013764735,0,0
586,15.2557047556121,135.729347922431,0,92.9178311049815,0,0
587,14.8261972219664,135.358719308533,0,93.7550139208981,0,0
588,14.4050313286382,134.979522231853,0,94.5929000310419,0,0
589,13.9921822482328,134.591919445672,0,95.431339495383,0,0
590,13.5876203897811,134.196078158935,0,96.270182359363,0,0
591,13.1913114829929,133.792169832567,0,97.1092787860171,0,0
592,12.8032166693327,133.380369969981,0,97.9484791876431,0,0
593,12.4232925996442,132.960857902262,0,98.7876343567618,0,0
594,12.0514915380323,132.533816568546,0,99.626595596119,0,0
595,11.6877614716973,132.099432292122,0,100.465214847478,0,0
596,11.3320462263992,131.657894552775,0,101.303344818964,0,0
597,10.9842855872188,131.209395755922,0,102.140839110713,0,0
598,10.6444154242696,130.754130999073,0,102.977552338607,0,0
599,10.3123678230038,130.292297836169,0,103.813340255851,0,0
600,9.9880712187484,129.824096040343,0,104.648059872188,0,0
601,9.67145053509935,129.349727365641,0,105.481569570539,0,0
602,9.36242732579562,128.869395308251,0,106.31372922085,0,0
603,9.06091991969213,128.38330486778,0,107.144400290982,0,0
604,8.76684356844707,127.891662309086,0,107.973445954429,0,0
605,8.48011059653812,127.394674925215,0,108.800731194712,0,0
606,8.20063055322291,126.892550801922,0,109.626122906282,0,0
607,7.92831036606054,126.385498584292,0,110.449489991765,0,0
608,7.66305449561444,125.873727245926,0,111.270703455435,0,0
609,7.40476509096151,125.357445861172,0,112.089636492763,0,0
610,7.15334214563825,124.83686338084,0,112.906164575929,0,0
611,6.90868365366205,124.312188411832,0,113.720165535204,0,0
612,6.67068576527399,123.783629001105,0,114.531519636095,0,0
613,6.43924294205903,123.251392424339,0,115.340109652173,0,0
614,6.21424811111005,122.715684979704,0,116.145820933522,0,0
615,5.99559281791366,122.176711787046,0,116.948541470749,0,0
616,5.78316737764806,121.63467659283,0,117.748161954506,0,0
617,5.57686102459638,121.089781581138,0,118.544575830495,0,0
618,5.3765620593928,120.542227190987,0,119.337679349937,0,0
619,5.18215799383329,119.992211940231,0,120.127371615486,0,0
620,4.99353569299781,119.439932256258,0,120.913554622611,0,0
621,4.81058151444626,118.885582313695,0,121.696133296425,0,0
622,4.63318144426635,118.329353879288,0,122.475015524027,0,0
623,4.4612212297678,117.771436164112,0,123.250112182349,0,0
624,4.29458650863336,117.212015683237,0,124.02133716159,0,0
625,4.13316293435387,116.651276122951,0,124.788607384264,0,0
626,3.97683629779092,116.089398215615,0,125.551842819939,0,0
627,3.8254926447271,115.526559622217,0,126.310966495737,0,0
628,3.67901838928036,114.962934822635,0,127.065904502673,0,0
629,3.53730042307498,114.398695013645,0,127.816585997927,0,0
630,3.40022622007769,113.83400801464,0,128.562943203134,0,0
631,3.26768393702322,113.269038181041,0,129.304911398814,0,0
632,3.13956250936864,112.703946325344,0,130.042428915025,0,0
633,3.01575174273098,112.138889645725,0,130.77543711838,0,0
634,2.89614239977679,111.574021662132,0,131.503880395528,0,0
635,2.78062628254662,111.009492159735,0,132.227706133239,0,0
636,2.66909631021036,110.445447139629,0,132.946864695211,0,0
637,2.56144659226266,109.882028776647,0,133.661309395734,0,0
638,2.4575724971796,109.319375384128,0,134.370996470357,0,0
639,2.35737071656955,108.757621385481,0,135.075885043681,0,0
640,2.26073932486225,108.196897292371,0,135.775937094432,0,0
641,2.16757783459019,107.637329689333,0,136.471117417945,0,0
642,2.07778724732651,107.079041224623,0,137.161393586219,0,0
643,1.99127010035215,106.522150607099,0,137.846735905662,0,0
644,1.90793050913374,105.966772608922,0,138.527117372702,0,0
645,1.8276742057012,105.413018073853,0,139.202513627383,0,0
646,1.75040857302092,104.860993930923,0,139.872902905098,0,0
647,1.67604267546695,104.310803213256,0,140.538265986611,0,0
648,1.60448728549807,103.762545081788,0,141.198586146493,0,0
649,1.5356549066539,103.216314853678,0,141.85384910013,0,0
650,1.46945979298714,102.67220403514,0,142.504042949424,0,0
651,1.40581796505355,102.13030035849,0,143.149158127335,0,0
652,1.34464722258355,101.590687823141,0,143.789187341393,0,0
653,1.28586715396287,101.053446740322,0,144.42412551631,0,0
654,1.22939914265087,100.518653781283,0,145.053969735815,0,0
655,1.17516637066746,99.9863820287485,0,145.678719183845,0,0
656,1.12309381927988,99.456701031383,0,146.298375085207,0,0
657,1.07310826702176,98.9296768610473,0,146.912940645824,0,0
658,1.02513828517639,98.4053721726122,0,147.522420992687,0,0
659,0.979114230856336,97.8838462661119,0,148.126823113608,0,0
660,0.934968237810412,97.3651551510193,0,148.7261557969,0,0
661,0.892634205088014,96.8493516124303,0,149.320429571057,0,0
662,0.852047783689456,96.3364852789529,0,149.909656644556,0,0
663,0.813146361329049,95.8266026920984,0,150.493850845854,0,0
664,0.775869045435625,95.3197473769814,0,151.073027563678,0,0
665,0.740156644512887,94.8159599141404,0,151.647203687691,0,0
666,0.705951647979336,94.3152780122979,0,152.216397549598,0,0
667,0.673198204604755,93.8177365818841,0,152.780628864793,0,0
668,0.641842099657202,93.3233678091585,0,153.33991867459,0,0
669,0.611830730871317,92.8322012307666,0,153.89428928912,0,0
670,0.583113083345416,92.3442638085795,0,154.443764230946,0,0
671,0.555639703471391,91.8595800046697,0,154.988368179462,0,0
672,0.529362671997917,91.3781718562838,0,155.528126916118,0,0
673,0.504235576323792,90.9000590506801,0,156.063067270531,0,0
674,0.480213482114555,90.4252589997064,0,156.593217067512,0,0
675,0.457252904331778,89.9537869140003,0,157.118605075069,0,0
676,0.435311777760633,89.4856558767013,0,157.639260953399,0,0
677,0.414349427117529,89.0208769165716,0,158.155215204925,0,0
678,0.394326536815834,88.5594590804268,0,158.666499125395,0,0
679,0.375205120463872,88.10140950479,0,159.173144756064,0,0
680,0.35694849016565,87.6467334866815,0,159.675184836996,0,0
681,0.339521225691008,87.1954345534703,0,160.172652761499,0,0
682,0.322889143578224,86.7475145317155,0,160.665582531695,0,0
683,0.307019266228452,86.3029736149316,0,161.154008715266,0,0
684,0.291879791047825,85.8618104302213,0,161.637966403362,0,0
685,0.277440059689549,85.4240221037199,0,162.117491169688,0,0
686,0.263670527444894,84.9896043248064,0,162.592619030777,0,0
687,0.250542732828684,84.5585514090366,0,163.063386407445,0,0
688,0.238029267401609,84.1308563597622,0,163.529830087436,0,0
689,0.226103745868579,83.7065109284033,0,163.991987189243,0,0
690,0.214740776489262,83.2855056733463,0,164.449895127117,0,0
691,0.203915931834027,82.8678300174451,0,164.903591577239,0,0
692,0.193605719915665,82.453472304104,0,165.353114445066,0,0
693,0.183787555724517,82.0424198519307,0,165.798501833822,0,0
694,0.174439733192052,81.6346590079455,0,166.239792014141,0,0
695,0.16554139760537,81.2301751993407,0,166.677023394834,0,0
696,0.157072518492746,80.8289529837851,0,167.110234494775,0,0
697,0.149013862997997,80.4309760982739,0,167.539463915888,0,0
698,0.141346969759297,80.0362275065243,0,167.964750317215,0,0
699,0.134054123305951,79.6446894449234,0,168.386132390051,0,0
700,0.127118328984697,79.2563434670348,0,168.803648834129,0,0
701,0.120523288425198,78.871170486674,0,169.217338334833,0,0
702,0.114253375552664,78.4891508195653,0,169.627239541409,0,0
703,0.108293613153827,78.1102642235937,0,170.033391046181,0,0
704,0.102629650000976,77.7344899376684,0,170.435831364713,0,0
705,0.0972477385372344,77.3618067192158,0,170.834598916928,0,0
706,0.0921347131249504,76.9921928803211,0,171.229732009141,0,0
707,0.0872779688577124,76.62562632254,0,171.621268816992,0,0
708,0.0826654409353664,76.2620845704027,0,172.009247369254,0,0
709,0.0782855846002639,75.9015448036325,0,172.393705532494,0,0
710,0.0741273556319507,75.5439838881051,0,172.77468099656,0,0
711,0.0701801913965581,75.1893784055725,0,173.152211260874,0,0
712,0.0664339924462804,74.837704682179,0,173.526333621508,0,0
713,0.0628791046635222,74.4889388157942,0,173.897085159014,0,0
714,0.0595063019435709,74.1430567021924,0,174.264502726995,0,0
715,0.0563067694089815,73.8000340601046,0,174.628622941376,0,0
716,0.0532720871482631,73.4598464551722,0,174.989482170379,0,0
717,0.050394214470918,73.1224693228306,0,175.347116525148,0,0
718,0.0476654746703981,72.7878779901516,0,175.701561851023,0,0
719,0.0450785402861224,72.4560476966723,0,176.052853719435,0,0
720,0.0426264188553172,72.1269536142411,0,176.401027420393,0,0
721,0.0403024391451215,71.8005708659081,0,176.746117955555,0,0
722,0.0381002378551126,71.4768745438896,0,177.088160031844,0,0
723,0.0360137467801761,71.1558397266346,0,177.427188055603,0,0
724,0.0340371804234455,70.8374414950217,0,177.763236127258,0,0
725,0.0321650240488783,70.5216549477158,0,178.096338036477,0,0
726,0.0303920221629154,70.20845521571,0,178.426527257797,0,0
727,0.028713167414581,69.897817476083,0,178.753836946703,0,0
728,0.0271236899033206,69.589716964997,0,179.078299936142,0,0
729,0.0256190468838494,69.2841289899643,0,179.399948733454,0,0
730,0.0241949128572775,68.9810289414072,0,179.718815517686,0,0
731,0.0228471700378023,68.6803923035398,0,180.034932137302,0,0
732,0.0215718991843031,68.3821946645938,0,180.34833010824,0,0
733,0.0203653707862391,68.0864117264158,0,180.659040612321,0,0
734,0.019224036593335,67.7930193134589,0,180.967094495981,0,0
735,0.0181445214786421,67.5019933811935,0,181.272522269314,0,0
736,0.01712361562468,67.2133100239598,0,181.57535410542,0,0
737,0.0161582670224948,66.9269454822844,0,181.875619840019,0,0
738,0.0152455742736153,66.6428761496848,0,182.173348971351,0,0
739,0.0143827796850448,66.3610785789811,0,182.468570660308,0,0
740,0.0135672626475899,66.0815294881379,0,182.761313730822,0,0
741,0.0127965332880059,65.8042057656556,0,183.051606670473,0,0
742,0.0120682263856171,65.5290844755313,0,183.339477631307,0,0
743,0.0113800955442618,65.2561428618083,0,183.62495443086,0,0
744,0.0107300076106072,64.9853583527336,0,183.908064553368,0,0
745,0.0101159373300749,64.7167085645409,0,184.188835151162,0,0
746,0.00953596223182599,64.4501713048759,0,184.467293046219,0,0
747,0.00898825773445689,64.1857245758827,0,184.74346473188,0,0
748,0.00847109246426854,63.923346576966,0,185.017376374707,0,0
749,0.00798282377817918,63.663015707246,0,185.289053816485,0,0
750,0.00752189348356378,63.4047105677202,0,185.558522576342,0,0
751,0.00708682374751368,63.148409963148,0,185.825807852993,0,0
752,0.00667621318822115,62.8940929036718,0,186.090934527098,0,0
753,0.00628873314140397,62.6417386061882,0,186.353927163711,0,0
754,0.0059231240948945,62.3913264954827,0,186.614810014833,0,0
755,0.005578192284725,62.1428362051401,0,186.873607022048,0,0
756,0.00525280644624687,61.896247578244,0,187.130341819235,0,0
757,0.00494589471402443,61.6515406678756,0,187.385037735359,0,0
758,0.00465644166444499,61.4086957374243,0,187.637717797322,0,0
759,0.00438348549518426,61.1676932607198,0,187.888404732877,0,0
760,0.00412611533586127,60.9285139219978,0,188.137120973597,0,0
761,0.00388346868440789,60.691138615707,0,188.383888657883,0,0
762,0.00365472896386608,60.4555484461687,0,188.628729634032,0,0
763,0.00343912319450996,60.2217247270971,0,188.871665463323,0,0
764,0.00323591977637006,59.9896489809899,0,189.112717423151,0,0
765,0.00304442637741354,59.7593029383967,0,189.35190651018,0,0
766,0.00286398792280606,59.5306685370737,0,189.589253443524,0,0
767,0.0026939846808497,59.3037279210317,0,189.824778667947,0,0
768,0.00253383044135465,59.0784634394859,0,190.058502357078,0,0
769,0.00238297078236271,58.854857645713,0,190.29044441664,0,0
770,0.00224088142129559,58.6328932958232,0,190.520624487682,0,0
771,0.00210706664675269,58.4125533474529,0,190.749061949823,0,0
772,0.00198105782732963,58.1938209583842,0,190.975775924499,0,0
773,0.00186241199397167,57.9766794850976,0,191.200785278197,0,0
774,0.00175071049251449,57.7611124812616,0,191.424108625701,0,0
775,0.00164555770319926,57.5471036961662,0,191.645764333324,0,0
776,0.0015465798240785,57.3346370731047,0,191.865770522131,0,0
777,0.00145342371535586,57.1236967477074,0,192.084145071152,0,0
778,0.00136575580182394,56.914267046233,0,192.300905620585,0,0
779,0.00128326103068298,56.7063324838211,0,192.516069574984,0,0
780,0.00120564188213626,56.4998777627103,0,192.729654106423,0,0
781,0.00113261743026875,56.2948877704244,0,192.94167615765,0,0
782,0.00106392245182113,56.0913475779324,0,193.152152445218,0,0
783,0.000999306580574043,55.8892424377836,0,193.361099462595,0,0
784,0.000938533505156104,55.6885577822215,0,193.56853348325,0,0
785,0.000881380208184195,55.4892792212809,0,193.774470563714,0,0
786,0.000827636244736455,55.2913925408686,0,193.978926546619,0,0
787,0.000777103058246443,55.0948837008324,0,194.181917063712,0,0
788,0.000729593331991914,54.8997388330199,0,194.383457538832,0,0
789,0.000684930374433316,54.7059442393296,0,194.583563190872,0,0
790,0.00064294753673561,54.5134863897565,0,194.782249036701,0,0
791,0.000603487660882445,54.3223519204344,0,194.979529894066,0,0
792,0.000566402556864211,54.1325276316771,0,195.175420384453,0,0
793,0.000531552507491031,53.9440004860193,0,195.369934935929,0,0
794,0.00049880579944853,53.7567576062602,0,195.563087785941,0,0
795,0.000468038279278284,53.5707862735102,0,195.754892984093,0,0
796,0.000439132933026251,53.3860739252433,0,195.945364394883,0,0
797,0.00041197948836136,53.2026081533558,0,196.134515700414,0,0
798,0.000386474038022874,53.0203767022324,0,196.322360403067,0,0
799,0.00036251868350914,52.8393674668222,0,196.508911828143,0,0
800,0.000340021197972114,52.6595684907237,0,196.694183126473,0,0
801,0.000318894707331541,52.4809679642817,0,196.878187276994,0,0
802,0.000299057388670064,52.303554222696,0,197.060937089289,0,0
803,0.000280432185015874,52.1273157441431,0,197.242445206096,0,0
804,0.000262946535662815,51.9522411479113,0,197.422724105782,0,0
805,0.000246532121219309,51.7783191925507,0,197.601786104789,0,0
806,0.000231124622617038,51.6055387740382,0,197.779643360035,0,0
807,0.000216663493348117,51.433888923958,0,197.956307871293,0,0
808,0.000203091744235636,51.2633588076984,0,198.13179148353,0,0
809,0.000190355740076866,51.0939377226659,0,198.306105889217,0,0
810,0.000178405007531373,50.9256150965158,0,198.479262630602,0,0
811,0.000167192053657641,50.7583804854012,0,198.651273101952,0,0
812,0.000156672194531753,50.5922235722389,0,198.822148551764,0,0
813,0.000146803393410227,50.4271341649952,0,198.991900084938,0,0
814,0.000137546107926326,50.2631021949888,0,199.160538664929,0,0
815,0.000128863145835083,50.100117715213,0,199.32807511585,0,0
816,0.000120719528847002,49.9381708986776,0,199.494520124561,0,0
817,0.000113082364113947,49.7772520367691,0,199.659884242715,0,0
818,0.00010592072295312,49.6173515376307,0,199.824177888775,0,0
819,9.92055264164013e-05,49.4584599245617,0,199.987411350005,0,0
820,9.29094373326056e-05,49.3005678344363,0,200.149594784424,0,0
821,8.70067584695645e-05,49.1436660161424,0,200.310738222735,0,0
822,8.14733364813127e-05,48.9877453290393,0,200.470851570219,0,0
823,7.62864713231554e-05,48.8327967414363,0,200.629944608604,0,0
824,7.14248308340197e-05,48.6788113290895,0,200.788026997903,0,0
825,6.68683702013012e-05,48.525780273719,0,200.945108278223,0,0
826,6.25982560384454e-05,48.3736948615463,0,201.101197871545,0,0
827,5.85967948197788e-05,48.2225464818496,0,201.256305083475,0,0
828,5.48473654306698e-05,48.0723266255404,0,201.410439104974,0,0
829,5.13343556039817e-05,47.9230268837579,0,201.563609014048,0,0
830,4.80431020260164e-05,47.7746389464839,0,201.715823777422,0,0
831,4.49598339067595e-05,47.6271546011758,0,201.867092252184,0,0
832,4.20716198202637e-05,47.4805657314197,0,202.017423187398,0,0
833,3.93663176314715e-05,47.3348643156015,0,202.1668252257,0,0
834,3.68325273357026e-05,47.1900424255973,0,202.315306904857,0,0
835,3.44595466464507e-05,47.0460922254821,0,202.462876659315,0,0
836,3.22373291760644e-05,46.9030059702572,0,202.609542821706,0,0
837,3.01564450623579e-05,46.7607760045956,0,202.755313624345,0,0
838,2.8208043902224e-05,46.619394761606,0,202.900197200692,0,0
839,2.63838198609348e-05,46.478854761614,0,203.044201586796,0,0
840,2.4675978833028e-05,46.3391486109618,0,203.187334722717,0,0
841,2.30772075375095e-05,46.2002690008248,0,203.329604453917,0,0
842,2.15806444365795e-05,46.0622087060463,0,203.471018532637,0,0
843,2.017985237322e-05,45.9249605839883,0,203.611584619248,0,0
844,1.88687928287904e-05,45.7885175734008,0,203.751310283577,0,0
845,1.7641801707276e-05,45.6528726933061,0,203.89020300622,0,0
846,1.64935665580393e-05,45.5180190419014,0,204.028270179821,0,0
847,1.54191051538519e-05,45.3839497954763,0,204.165519110343,0,0
848,1.44137453456477e-05,45.2506582073475,0,204.301957018308,0,0
849,1.34731061198478e-05,45.1181376068087,0,204.437591040025,0,0
850,1.25930797882839e-05,44.9863813980971,0,204.572428228792,0,0
851,1.17698152446935e-05,44.8553830593743,0,204.706475556081,0,0
852,1.09997022254932e-05,44.7251361417237,0,204.839739912703,0,0
853,1.02793565160665e-05,44.595634268162,0,204.972228109956,0,0
854,9.60560604714216e-06,44.4668711326665,0,205.10394688075,0,0
855,8.97547782899143e-06,44.3388404992162,0,205.234902880716,0,0
856,8.38618567415467e-06,44.2115362008482,0,205.365102689303,0,0
857,7.83511866222702e-06,44.084952138728,0,205.494552810843,0,0
858,7.31983030289301e-06,43.9590822812335,0,205.623259675613,0,0
859,6.83802835591592e-06,43.8339206630539,0,205.751229640873,0,0
860,6.38756526916269e-06,43.7094613843009,0,205.878468991887,0,0
861,5.96642919798866e-06,43.5856986096347,0,206.004983942927,0,0
862,5.57273557142452e-06,43.4626265674023,0,206.130780638265,0,0
863,5.20471917260785e-06,43.3402395487891,0,206.255865153148,0,0
864,4.8607267027895e-06,43.218531906984,0,206.380243494748,0,0
865,4.539209800027e-06,43.0974980563558,0,206.503921603113,0,0
866,4.23871848535851e-06,42.9771324716437,0,206.626905352088,0,0
867,3.95789501083803e-06,42.8574296871586,0,206.749200550229,0,0
868,3.6954680853091e-06,42.7383842959974,0,206.8708129417,0,0
869,3.45024745520688e-06,42.6199909492691,0,206.991748207157,0,0
870,3.22111881901e-06,42.5022443553322,0,207.112011964614,0,0
871,3.00703905522014e-06,42.3851392790441,0,207.231609770304,0,0
872,2.8070317449315e-06,42.2686705410212,0,207.350547119511,0,0
873,2.62018297116924e-06,42.1528330169111,0,207.468829447406,0,0
874,2.44563737822865e-06,42.0376216366749,0,207.586462129857,0,0
875,2.28259447523921e-06,41.9230313838809,0,207.703450484235,0,0
876,2.13030516911286e-06,41.8090572950084,0,207.819799770196,0,0
877,1.98806851291717e-06,41.6956944587627,0,207.935515190464,0,0
878,1.85522865654442e-06,41.5829380153996,0,208.050601891594,0,0
879,1.73117198732997e-06,41.4707831560608,0,208.165064964719,0,0
880,1.61532444901021e-06,41.3592251221184,0,208.278909446298,0,0
881,1.50714902810436e-06,41.24825920453,0,208.392140318839,0,0
882,1.40614339745834e-06,41.1378807432031,0,208.504762511618,0,0
883,1.31183770730407e-06,41.0280851263691,0,208.616780901383,0,0
884,1.22379251476745e-06,40.9188677899664,0,208.728200313054,0,0
885,1.14159684330366e-06,40.8102242170328,0,208.8390255204,0,0
886,1.064866364052e-06,40.7021499371073,0,208.949261246717,0,0
887,9.93241691586017e-07,40.5946405256402,0,209.058912165492,0,0
888,9.26386786989349e-07,40.4876916034125,0,209.167982901048,0,0
889,8.63987461615949e-07,40.3812988359631,0,209.276478029197,0,0
890,8.05749975296048e-07,40.2754579330255,0,209.384402077863,0,0
891,7.51399723128102e-07,40.1701646479724,0,209.49175952771,0,0
892,7.00680005353398e-07,40.0654147772678,0,209.598554812756,0,0
893,6.53350875145258e-07,39.9612041599281,0,209.704792320971,0,0
894,6.09188059460032e-07,39.8575286769911,0,209.810476394877,0,0
895,5.67981948393574e-07,39.7543842509918,0,209.91561133213,0,0
896,5.29536648765635e-07,39.6517668454469,0,210.020201386099,0,0
897,4.93669097916746e-07,39.5496724643467,0,210.124250766432,0,0
898,4.60208233948477e-07,39.4480971516537,0,210.227763639614,0,0
899,4.28994218869612e-07,39.3470369908092,0,210.330744129519,0,0
900,3.99877711328389e-07,39.2464881042469,0,210.433196317951,0,0
901,3.72719185815552e-07,39.1464466529135,0,210.535124245181,0,0
902,3.47388295415128e-07,39.0469088357964,0,210.636531910466,0,0
903,3.23763275360493e-07,38.9478708894577,0,210.737423272576,0,0
904,3.01730384822906e-07,38.8493290875756,0,210.837802250297,0,0
905,2.81183384519125e-07,38.7512797404923,0,210.937672722935,0,0
906,2.62023047874388e-07,38.6537191947677,0,211.037038530813,0,0
907,2.44156703617689e-07,38.5566438327406,0,211.135903475759,0,0
908,2.27497807818291e-07,38.4600500720953,0,211.234271321582,0,0
909,2.11965543496429e-07,38.3639343654346,0,211.332145794548,0,0
910,1.97484446057592e-07,38.2682931998594,0,211.42953058385,0,0
911,1.8398405290904e-07,38.1731230965536,0,211.526429342058,0,0
912,1.7139857571986e-07,38.0784206103753,0,211.62284568558,0,0
913,1.59666593882135e-07,37.9841823294534,0,211.718783195104,0,0
914,1.48730767821244e-07,37.890404874791,0,211.814245416038,0,0
915,1.38537570888106e-07,37.7970848998725,0,211.909235858943,0,0
916,1.2903703864582e-07,37.7042190902782,0,212.003757999958,0,0
917,1.20182534437836e-07,37.6118041633034,0,212.097815281223,0,0
918,1.11930530194889e-07,37.5198368675823,0,212.191411111289,0,0
919,1.04240401503669e-07,37.4283139827185,0,212.284548865532,0,0
920,9.70742360218923e-08,37.3372323189198,0,212.37723188655,0,0
921,9.03966543822623e-08,37.2465887166378,0,212.469463484561,0,0
922,8.4174642782112e-08,37.1563800462136,0,212.561246937795,0,0
923,7.83773965063604e-08,37.0666032075277,0,212.652585492877,0,0
924,7.29761736791613e-08,36.9772551296544,0,212.743482365208,0,0
925,6.79441585843519e-08,36.888332770522,0,212.833940739337,0,0
926,6.32563339367589e-08,36.7998331165771,0,212.923963769334,0,0
927,5.88893615257466e-08,36.7117531824532,0,213.013554579147,0,0
928,5.48214706892534e-08,36.6240900106448,0,213.102716262967,0,0
929,5.10323541111192e-08,36.5368406711847,0,213.191451885576,0,0
930,4.75030704668914e-08,36.4500022613275,0,213.279764482697,0,0
931,4.42159534736463e-08,36.3635719052353,0,213.367657061339,0,0
932,4.11545269278074e-08,36.2775467536694,0,213.455132600133,0,0
933,3.83034253415907e-08,36.1919239836856,0,213.542194049664,0,0
934,3.56483198136766e-08,36.1067007983333,0,213.628844332806,0,0
935,3.31758487931034e-08,36.0218744263591,0,213.71508634504,0,0
936,3.08735534172908e-08,35.9374421219146,0,213.800922954778,0,0
937,2.87298171256297e-08,35.8534011642675,0,213.886357003674,0,0
938,2.67338092693028e-08,35.7697488575172,0,213.971391306941,0,0
939,2.48754324560079e-08,35.6864825303139,0,214.056028653652,0,0
940,2.31452733851189e-08,35.6035995355815,0,214.140271807045,0,0
941,2.15345569446137e-08,35.5210972502445,0,214.22412350482,0,0
942,2.00351033558825e-08,35.4389730749581,0,214.307586459435,0,0
943,1.86392881663762e-08,35.3572244338422,0,214.390663358394,0,0
944,1.73400049030152e-08,35.2758487742191,0,214.473356864533,0,0
945,1.61306302114122e-08,35.1948435663541,0,214.555669616305,0,0
946,1.5004991317322e-08,35.1142063032001,0,214.637604228053,0,0
947,1.39573356573589e-08,35.0339345001457,0,214.71916329029,0,0
948,1.29823025359755e-08,34.9540256947656,0,214.800349369966,0,0
949,1.20748966750061e-08,34.8744774465757,0,214.881165010738,0,0
950,1.12304635307906e-08,34.7952873367904,0,214.961612733228,0,0
951,1.04446662620511e-08,34.7164529680835,0,215.041695035289,0,0
952,9.71346423931855e-09,34.637971964352,0,215.121414392259,0,0
953,9.03309299384706e-09,34.5598419704837,0,215.200773257213,0,0
954,8.40004551062797e-09,34.4820606521264,0,215.279774061213,0,0
955,7.81105477636397e-09,34.4046256954618,0,215.358419213554,0,0
956,7.2630774991042e-09,34.3275348069811,0,215.436711102007,0,0
957,6.75327892170682e-09,34.2507857132641,0,215.51465209306,0,0
958,6.27901865640547e-09,34.1743761607609,0,215.592244532153,0,0
959,5.83783747253603e-09,34.0983039155764,0,215.669490743908,0,0
960,5.42744497394879e-09,34.0225667632582,0,215.746393032367,0,0
961,5.0457081068107e-09,33.9471625085861,0,215.822953681213,0,0
962,4.69064044240936e-09,33.8720889753655,0,215.899174953994,0,0
963,4.36039218322377e-09,33.7973440062223,0,215.975059094348,0,0
964,4.05324084394168e-09,33.7229254624016,0,216.050608326219,0,0
965,3.76758256229639e-09,33.648831223568,0,216.125824854072,0,0
966,3.50192399757935e-09,33.5750591876088,0,216.200710863107,0,0
967,3.25487477747471e-09,33.5016072704399,0,216.275268519466,0,0
968,3.02514045646835e-09,33.4284734058141,0,216.349499970444,0,0
969,2.81151595152042e-09,33.3556555451314,0,216.423407344691,0,0
970,2.6128794229669e-09,33.2831516572519,0,216.496992752414,0,0
971,2.42818657074309e-09,33.2109597283119,0,216.570258285576,0,0
972,2.25646531800979e-09,33.1390777615408,0,216.643206018093,0,0
973,2.09681085611967e-09,33.0675037770815,0,216.715838006028,0,0
974,1.94838102659714e-09,32.9962358118124,0,216.788156287782,0,0
975,1.81039201742493e-09,32.9252719191722,0,216.860162884282,0,0
976,1.68211435244566e-09,32.8546101689862,0,216.931859799173,0,0
977,1.56286915410022e-09,32.7842486472953,0,217.003249018993,0,0
978,1.45202466104613e-09,32.714185456187,0,217.074332513365,0,0
979,1.34899298343271e-09,32.6444187136283,0,217.145112235167,0,0
980,1.253227079762e-09,32.574946553301,0,217.215590120717,0,0
981,1.16421794034024e-09,32.5057671244385,0,217.285768089945,0,0
982,1.08149196332976e-09,32.4368785916655,0,217.355648046564,0,0
983,1.00460851034872e-09,32.3682791348386,0,217.425231878244,0,0
984,9.33157629442493e-10,32.2999669488897,0,217.494521456778,0,0
985,8.66757934068015e-10,32.2319402436711,0,217.563518638251,0,0
986,8.05054627495808e-10,32.1641972438022,0,217.6322252632,0,0
987,7.4771766274713e-10,32.0967361885183,0,217.70064315678,0,0
988,6.94440028848863e-10,32.0295553315216,0,217.768774128925,0,0
989,6.44936154809661e-10,31.962652940833,0,217.836619974502,0,0
990,5.98940423300415e-10,31.8960272986471,0,217.90418247347,0,0
991,5.5620578656292e-10,31.8296767011875,0,217.971463391034,0,0
992,5.16502477575371e-10,31.7635994585651,0,218.038464477796,0,0
993,4.7961680997435e-10,31.6977938946374,0,218.10518746991,0,0
994,4.45350060672428e-10,31.6322583468695,0,218.171634089224,0,0
995,4.13517429520634e-10,31.5669911661973,0,218.237806043432,0,0
996,3.83947070747642e-10,31.5019907168915,0,218.303705026216,0,0
997,3.56479191264504e-10,31.4372553764243,0,218.369332717392,0,0
998,3.30965211256771e-10,31.3727835353367,0,218.434690783048,0,0
999,3.07266982796507e-10,31.3085735971077,0,218.499780875688,0,0
1000,2.85256062496489e-10,31.2446239780256,0,218.564604634365,0,0
