Time,Patch,ZWZW,ZWZZ,ZWMZ,ZWMM,ZWMW,ZWRW,ZWRZ,ZWMR,ZWRR,ZZZW,ZZZZ,ZZMZ,ZZMM,ZZMW,ZZRW,ZZRZ,ZZMR,ZZRR,MZZW,MZZZ,MZMZ,MZMM,MZMW,MZRW,MZRZ,MZMR,MZRR,MMZW,MMZZ,MMMZ,MMMM,MMMW,MMRW,MMRZ,MMMR,MMRR,MWZW,MWZZ,MWMZ,MWMM,MWMW,MWRW,MWRZ,MWMR,MWRR,RWZW,RWZZ,RWMZ,RWMM,RWMW,RWRW,RWRZ,RWMR,RWRR,RZZW,RZZZ,RZMZ,RZMM,RZMW,RZRW,RZRZ,RZMR,RZRR,MRZW,MRZZ,MRMZ,MRMM,MRMW,MRRW,MRRZ,MRMR,MRRR,RRZW,RRZZ,RRMZ,RRMM,RRMW,RRRW,RRRZ,RRMR,RRRR
0,1,0,0,0,0,0,0,0,0,0,0,0,0,0,0,0,0,0,0,0,0,0,0,0,0,0,0,0,0,0,0,0,0,0,0,0,0,0,0,0,0,0,0,0,0,0,0,0,0,0,0,0,0,0,0,0,0,0,0,0,0,0,0,0,0,0,0,0,0,0,0,0,0,0,0,0,0,0,0,0,0,0
2,1,0,4.13267805065238,18.3673968551442,0,0,0,0,0,0,0,0,0,0,0,0,0,0,0,0,18.3673968551442,81.6326031448558,0,0,0,0,0,0,0,0,0,0,0,0,0,0,0,0,0,0,0,0,0,0,0,0,0,0,0,0,0,0,0,0,0,0,0,0,0,0,0,0,0,0,0,0,0,0,0,0,0,0,0,0,0,0,0,0,0,0,0,0
3,1,0,10.9780753771205,31.997067692951,0,0,0,0,0,0,0,0,0,0,0,0,0,0,0,0,16.7143311381812,74.2856688618188,0,0,0,0,0,0,0,0,0,0,0,0,0,0,0,0,0,0,0,0,0,0,0,0,0,0,0,0,0,0,0,0,0,0,0,0,0,0,0,0,0,0,0,0,0,0,0,0,0,0,0,0,0,0,0,0,0,0,0,0
4,1,0,19.5884198810549,42.0190352185068,0,0,0,0,0,0,0,0,0,0,0,0,0,0,0,0,15.2100413357449,67.5999586642551,0,0,0,0,0,0,0,0,0,0,0,0,0,0,0,0,0,0,0,0,0,0,0,0,0,0,0,0,0,0,0,0,0,0,0,0,0,0,0,0,0,0,0,0,0,0,0,0,0,0,0,0,0,0,0,0,0,0,0,0
5,1,0,29.309809049159,49.2530499972387,0,0,0,0,0,0,0,0,0,0,0,0,0,0,0,0,13.8411376155279,61.5159623844721,0,0,0,0,0,0,0,0,0,0,0,0,0,0,0,0,0,0,0,0,0,0,0,0,0,0,0,0,0,0,0,0,0,0,0,0,0,0,0,0,0,0,0,0,0,0,0,0,0,0,0,0,0,0,0,0,0,0,0,0
6,1,0,39.6809020631287,54.3113745748898,0,0,0,0,0,0,0,0,0,0,0,0,0,0,0,0,12.5954352301304,55.9795257698696,0,0,0,0,0,0,0,0,0,0,0,0,0,0,0,0,0,0,0,0,0,0,0,0,0,0,0,0,0,0,0,0,0,0,0,0,0,0,0,0,0,0,0,0,0,0,0,0,0,0,0,0,0,0,0,0,0,0,0,0
7,1,0,50.3715603576543,57.6614862887391,0,0,0,0,0,0,0,0,0,0,0,0,0,0,0,0,11.4618460594186,50.9413684505814,0,0,0,0,0,0,0,0,0,0,0,0,0,0,0,0,0,0,0,0,0,0,0,0,0,0,0,0,0,0,0,0,0,0,0,0,0,0,0,0,0,0,0,0,0,0,0,0,0,0,0,0,0,0,0,0,0,0,0,0
8,1,0,61.1437627814656,59.666384572549,0,0,0,0,0,0,0,0,0,0,0,0,0,0,0,0,10.430279914071,46.356645290029,0,0,0,0,0,0,0,0,0,0,0,0,0,0,0,0,0,0,0,0,0,0,0,0,0,0,0,0,0,0,0,0,0,0,0,0,0,0,0,0,0,0,0,0,0,0,0,0,0,0,0,0,0,0,0,0,0,0,0,0
9,1,0,71.8256819188664,60.6116270790836,0,0,0,0,0,0,0,0,0,0,0,0,0,0,0,0,9.49155472180458,42.1845472139264,0,0,0,0,0,0,0,0,0,0,0,0,0,0,0,0,0,0,0,0,0,0,0,0,0,0,0,0,0,0,0,0,0,0,0,0,0,0,0,0,0,0,0,0,0,0,0,0,0,0,0,0,0,0,0,0,0,0,0,0
10,1,0,82.2939151716496,60.7241109222814,0,0,0,0,0,0,0,0,0,0,0,0,0,0,0,0,8.63731479684217,38.3879379646731,0,0,0,0,0,0,0,0,0,0,0,0,0,0,0,0,0,0,0,0,0,0,0,0,0,0,0,0,0,0,0,0,0,0,0,0,0,0,0,0,0,0,0,0,0,0,0,0,0,0,0,0,0,0,0,0,0,0,0,0
11,1,0,92.4609724098069,60.185506241467,0,0,0,0,0,0,0,0,0,0,0,0,0,0,0,0,7.85995646512637,34.9330235478525,0,0,0,0,0,0,0,0,0,0,0,0,0,0,0,0,0,0,0,0,0,0,0,0,0,0,0,0,0,0,0,0,0,0,0,0,0,0,0,0,0,0,0,0,0,0,0,0,0,0,0,0,0,0,0,0,0,0,0,0
12,1,0,104.669626070389,59.634641613078,0,0,0,0,0,0,0,0,0,0,0,0,0,0,0,0,7.152560383265,31.7890514285458,0,0,0,0,0,0,0,0,0,0,0,0,0,0,0,0,0,0,0,0,0,0,0,0,0,0,0,0,0,0,0,0,0,0,0,0,0,0,0,0,0,0,0,0,0,0,0,0,0,0,0,0,0,0,0,0,0,0,0,0
13,1,0,121.792144225488,59.4570268699467,0,0,0,0,0,0,0,0,0,0,0,0,0,0,0,0,6.50882994877115,28.9280367999766,0,0,0,0,0,0,0,0,0,0,0,0,0,0,0,0,0,0,0,0,0,0,0,0,0,0,0,0,0,0,0,0,0,0,0,0,0,0,0,0,0,0,0,0,0,0,0,0,0,0,0,0,0,0,0,0,0,0,0,0
14,1,0,148.316019773312,59.9111166711438,0,0,0,0,0,0,0,0,0,0,0,0,0,0,0,0,5.92303525338175,26.3245134879787,0,0,0,0,0,0,0,0,0,0,0,0,0,0,0,0,0,0,0,0,0,0,0,0,0,0,0,0,0,0,0,0,0,0,0,0,0,0,0,0,0,0,0,0,0,0,0,0,0,0,0,0,0,0,0,0,0,0,0,0
15,1,0,192.444998503557,61.1697175741481,0,0,0,0,0,0,0,0,0,0,0,0,0,0,0,0,5.38996208057739,23.9553072740607,0,0,0,0,0,0,0,0,0,0,0,0,0,0,0,0,0,0,0,0,0,0,0,0,0,0,0,0,0,0,0,0,0,0,0,0,0,0,0,0,0,0,0,0,0,0,0,0,0,0,0,0,0,0,0,0,0,0,0,0
16,1,0,271.946680025029,63.3750859289643,0,0,0,0,0,0,0,0,0,0,0,0,0,0,0,0,4.90486549332542,21.7993296193952,0,0,0,0,0,0,0,0,0,0,0,0,0,0,0,0,0,0,0,0,0,0,0,0,0,0,0,0,0,0,0,0,0,0,0,0,0,0,0,0,0,0,0,0,0,0,0,0,0,0,0,0,0,0,0,0,0,0,0,0
17,1,0,247.471478822777,57.6713281953575,0,0,0,0,0,0,0,0,0,0,0,0,0,0,0,0,4.46342759892614,19.8373899536496,0,0,0,0,0,0,0,0,0,0,0,0,0,0,0,0,0,0,0,0,0,0,0,0,0,0,0,0,0,0,0,0,0,0,0,0,0,0,0,0,0,0,0,0,0,0,0,0,0,0,0,0,0,0,0,0,0,0,0,0
18,1,0,225.199045728727,52.4809086577753,0,0,0,0,0,0,0,0,0,0,0,0,0,0,0,0,4.06171911502278,18.0520248578212,0,0,0,0,0,0,0,0,0,0,0,0,0,0,0,0,0,0,0,0,0,0,0,0,0,0,0,0,0,0,0,0,0,0,0,0,0,0,0,0,0,0,0,0,0,0,0,0,0,0,0,0,0,0,0,0,0,0,0,0
19,1,0,204.931131613141,47.7576268785755,0,0,0,0,0,0,0,0,0,0,0,0,0,0,0,0,3.69616439467073,16.4273426206173,0,0,0,0,0,0,0,0,0,0,0,0,0,0,0,0,0,0,0,0,0,0,0,0,0,0,0,0,0,0,0,0,0,0,0,0,0,0,0,0,0,0,0,0,0,0,0,0,0,0,0,0,0,0,0,0,0,0,0,0
20,1,0,186.487329767959,43.4594404595037,0,0,0,0,0,0,0,0,0,0,0,0,0,0,0,0,3.36350959915037,14.9488817847617,0,0,0,0,0,0,0,0,0,0,0,0,0,0,0,0,0,0,0,0,0,0,0,0,0,0,0,0,0,0,0,0,0,0,0,0,0,0,0,0,0,0,0,0,0,0,0,0,0,0,0,0,0,0,0,0,0,0,0,0
21,1,0,169.703470088842,39.5480908181484,0,0,0,0,0,0,0,0,0,0,0,0,0,0,0,0,3.06079373522683,13.6034824241332,0,0,0,0,0,0,0,0,0,0,0,0,0,0,0,0,0,0,0,0,0,0,0,0,0,0,0,0,0,0,0,0,0,0,0,0,0,0,0,0,0,0,0,0,0,0,0,0,0,0,0,0,0,0,0,0,0,0,0,0
22,1,0,154.430157780847,35.9887626445151,0,0,0,0,0,0,0,0,0,0,0,0,0,0,0,0,2.78532229905642,12.3791690059612,0,0,0,0,0,0,0,0,0,0,0,0,0,0,0,0,0,0,0,0,0,0,0,0,0,0,0,0,0,0,0,0,0,0,0,0,0,0,0,0,0,0,0,0,0,0,0,0,0,0,0,0,0,0,0,0,0,0,0,0
23,1,0,140.53144358057,32.7497740065087,0,0,0,0,0,0,0,0,0,0,0,0,0,0,0,0,2.53464329214134,11.2650437954247,0,0,0,0,0,0,0,0,0,0,0,0,0,0,0,0,0,0,0,0,0,0,0,0,0,0,0,0,0,0,0,0,0,0,0,0,0,0,0,0,0,0,0,0,0,0,0,0,0,0,0,0,0,0,0,0,0,0,0,0
24,1,0,127.883613658319,29.8022943459229,0,0,0,0,0,0,0,0,0,0,0,0,0,0,0,0,2.30652539584862,10.2511898538364,0,0,0,0,0,0,0,0,0,0,0,0,0,0,0,0,0,0,0,0,0,0,0,0,0,0,0,0,0,0,0,0,0,0,0,0,0,0,0,0,0,0,0,0,0,0,0,0,0,0,0,0,0,0,0,0,0,0,0,0
25,1,0,116.37408842907,27.1200878547899,0,0,0,0,0,0,0,0,0,0,0,0,0,0,0,0,2.09893811022225,9.32858276699117,0,0,0,0,0,0,0,0,0,0,0,0,0,0,0,0,0,0,0,0,0,0,0,0,0,0,0,0,0,0,0,0,0,0,0,0,0,0,0,0,0,0,0,0,0,0,0,0,0,0,0,0,0,0,0,0,0,0,0,0
26,1,0,105.900420470454,24.6792799478588,0,0,0,0,0,0,0,0,0,0,0,0,0,0,0,0,1.91003368030224,8.48901031796196,0,0,0,0,0,0,0,0,0,0,0,0,0,0,0,0,0,0,0,0,0,0,0,0,0,0,0,0,0,0,0,0,0,0,0,0,0,0,0,0,0,0,0,0,0,0,0,0,0,0,0,0,0,0,0,0,0,0,0,0
27,1,0,96.3693826281132,22.4581447525515,0,0,0,0,0,0,0,0,0,0,0,0,0,0,0,0,1.73813064907504,7.72499938934539,0,0,0,0,0,0,0,0,0,0,0,0,0,0,0,0,0,0,0,0,0,0,0,0,0,0,0,0,0,0,0,0,0,0,0,0,0,0,0,0,0,0,0,0,0,0,0,0,0,0,0,0,0,0,0,0,0,0,0,0
28,1,0,87.696138191583,20.4369117248219,0,0,0,0,0,0,0,0,0,0,0,0,0,0,0,0,1.58169889065829,7.0297494443043,0,0,0,0,0,0,0,0,0,0,0,0,0,0,0,0,0,0,0,0,0,0,0,0,0,0,0,0,0,0,0,0,0,0,0,0,0,0,0,0,0,0,0,0,0,0,0,0,0,0,0,0,0,0,0,0,0,0,0,0
29,1,0,79.8034857543405,18.5975896695879,0,0,0,0,0,0,0,0,0,0,0,0,0,0,0,0,1.43934599049904,6.39707199431691,0,0,0,0,0,0,0,0,0,0,0,0,0,0,0,0,0,0,0,0,0,0,0,0,0,0,0,0,0,0,0,0,0,0,0,0,0,0,0,0,0,0,0,0,0,0,0,0,0,0,0,0,0,0,0,0,0,0,0,0
30,1,0,72.6211720364499,16.923806599325,0,0,0,0,0,0,0,0,0,0,0,0,0,0,0,0,1.30980485135413,5.82133551482839,0,0,0,0,0,0,0,0,0,0,0,0,0,0,0,0,0,0,0,0,0,0,0,0,0,0,0,0,0,0,0,0,0,0,0,0,0,0,0,0,0,0,0,0,0,0,0,0,0,0,0,0,0,0,0,0,0,0,0,0
31,1,0,66.0852665531694,15.4006640053857,0,0,0,0,0,0,0,0,0,0,0,0,0,0,0,0,1.19192241473226,5.29741531849384,0,0,0,0,0,0,0,0,0,0,0,0,0,0,0,0,0,0,0,0,0,0,0,0,0,0,0,0,0,0,0,0,0,0,0,0,0,0,0,0,0,0,0,0,0,0,0,0,0,0,0,0,0,0,0,0,0,0,0,0
32,1,0,60.1375925633842,14.014604244901,0,0,0,0,0,0,0,0,0,0,0,0,0,0,0,0,1.08464939740635,4.82064793982939,0,0,0,0,0,0,0,0,0,0,0,0,0,0,0,0,0,0,0,0,0,0,0,0,0,0,0,0,0,0,0,0,0,0,0,0,0,0,0,0,0,0,0,0,0,0,0,0,0,0,0,0,0,0,0,0,0,0,0,0
33,1,0,54.7252092326796,12.7532898628599,0,0,0,0,0,0,0,0,0,0,0,0,0,0,0,0,0.987030951639782,4.38678962524475,0,0,0,0,0,0,0,0,0,0,0,0,0,0,0,0,0,0,0,0,0,0,0,0,0,0,0,0,0,0,0,0,0,0,0,0,0,0,0,0,0,0,0,0,0,0,0,0,0,0,0,0,0,0,0,0,0,0,0,0
34,1,0,49.7999404017384,11.6054937752025,0,0,0,0,0,0,0,0,0,0,0,0,0,0,0,0,0.898198165992202,3.99197855897272,0,0,0,0,0,0,0,0,0,0,0,0,0,0,0,0,0,0,0,0,0,0,0,0,0,0,0,0,0,0,0,0,0,0,0,0,0,0,0,0,0,0,0,0,0,0,0,0,0,0,0,0,0,0,0,0,0,0,0,0
35,1,0,45.317945765582,10.5609993354343,0,0,0,0,0,0,0,0,0,0,0,0,0,0,0,0,0.817360331052904,3.63270048866518,0,0,0,0,0,0,0,0,0,0,0,0,0,0,0,0,0,0,0,0,0,0,0,0,0,0,0,0,0,0,0,0,0,0,0,0,0,0,0,0,0,0,0,0,0,0,0,0,0,0,0,0,0,0,0,0,0,0,0,0
36,1,0,41.2393306466796,9.61050939524522,0,0,0,0,0,0,0,0,0,0,0,0,0,0,0,0,0.743797901258142,3.30575744468531,0,0,0,0,0,0,0,0,0,0,0,0,0,0,0,0,0,0,0,0,0,0,0,0,0,0,0,0,0,0,0,0,0,0,0,0,0,0,0,0,0,0,0,0,0,0,0,0,0,0,0,0,0,0,0,0,0,0,0,0
37,1,0,37.5277908884784,8.74556354967315,0,0,0,0,0,0,0,0,0,0,0,0,0,0,0,0,0.676856090144909,3.00823927466363,0,0,0,0,0,0,0,0,0,0,0,0,0,0,0,0,0,0,0,0,0,0,0,0,0,0,0,0,0,0,0,0,0,0,0,0,0,0,0,0,0,0,0,0,0,0,0,0,0,0,0,0,0,0,0,0,0,0,0,0
38,1,0,34.1502897085154,7.95846283020256,0,0,0,0,0,0,0,0,0,0,0,0,0,0,0,0,0.615939042031868,2.73749773994391,0,0,0,0,0,0,0,0,0,0,0,0,0,0,0,0,0,0,0,0,0,0,0,0,0,0,0,0,0,0,0,0,0,0,0,0,0,0,0,0,0,0,0,0,0,0,0,0,0,0,0,0,0,0,0,0,0,0,0,0
39,1,0,31.076763634749,7.24220117548433,0,0,0,0,0,0,0,0,0,0,0,0,0,0,0,0,0.560504528249,2.49112294334895,0,0,0,0,0,0,0,0,0,0,0,0,0,0,0,0,0,0,0,0,0,0,0,0,0,0,0,0,0,0,0,0,0,0,0,0,0,0,0,0,0,0,0,0,0,0,0,0,0,0,0,0,0,0,0,0,0,0,0,0
40,1,0,28.2798549076216,6.59040306969074,0,0,0,0,0,0,0,0,0,0,0,0,0,0,0,0,0.51005912070659,2.26692187844755,0,0,0,0,0,0,0,0,0,0,0,0,0,0,0,0,0,0,0,0,0,0,0,0,0,0,0,0,0,0,0,0,0,0,0,0,0,0,0,0,0,0,0,0,0,0,0,0,0,0,0,0,0,0,0,0,0,0,0,0
41,1,0,25.7346679659356,5.99726679341858,0,0,0,0,0,0,0,0,0,0,0,0,0,0,0,0,0.464153799842997,2.06289890938727,0,0,0,0,0,0,0,0,0,0,0,0,0,0,0,0,0,0,0,0,0,0,0,0,0,0,0,0,0,0,0,0,0,0,0,0,0,0,0,0,0,0,0,0,0,0,0,0,0,0,0,0,0,0,0,0,0,0,0,0
42,1,0,23.4185478490014,5.45751278201091,0,0,0,0,0,0,0,0,0,0,0,0,0,0,0,0,0.422379957857127,1.87723800754241,0,0,0,0,0,0,0,0,0,0,0,0,0,0,0,0,0,0,0,0,0,0,0,0,0,0,0,0,0,0,0,0,0,0,0,0,0,0,0,0,0,0,0,0,0,0,0,0,0,0,0,0,0,0,0,0,0,0,0,0
43,1,0,21.3108785425913,4.96633663162992,0,0,0,0,0,0,0,0,0,0,0,0,0,0,0,0,0.384365761649985,1.7082865868636,0,0,0,0,0,0,0,0,0,0,0,0,0,0,0,0,0,0,0,0,0,0,0,0,0,0,0,0,0,0,0,0,0,0,0,0,0,0,0,0,0,0,0,0,0,0,0,0,0,0,0,0,0,0,0,0,0,0,0,0
44,1,0,19.3928994737581,4.51936633478323,0,0,0,0,0,0,0,0,0,0,0,0,0,0,0,0,0.349772843101487,1.55454079404587,0,0,0,0,0,0,0,0,0,0,0,0,0,0,0,0,0,0,0,0,0,0,0,0,0,0,0,0,0,0,0,0,0,0,0,0,0,0,0,0,0,0,0,0,0,0,0,0,0,0,0,0,0,0,0,0,0,0,0,0
45,1,0,17.6475385211199,4.11262336465274,0,0,0,0,0,0,0,0,0,0,0,0,0,0,0,0,0.318293287222353,1.41463212258175,0,0,0,0,0,0,0,0,0,0,0,0,0,0,0,0,0,0,0,0,0,0,0,0,0,0,0,0,0,0,0,0,0,0,0,0,0,0,0,0,0,0,0,0,0,0,0,0,0,0,0,0,0,0,0,0,0,0,0,0
46,1,0,16.0592600542191,3.74248726183399,0,0,0,0,0,0,0,0,0,0,0,0,0,0,0,0,0.289646891372341,1.28731523154939,0,0,0,0,0,0,0,0,0,0,0,0,0,0,0,0,0,0,0,0,0,0,0,0,0,0,0,0,0,0,0,0,0,0,0,0,0,0,0,0,0,0,0,0,0,0,0,0,0,0,0,0,0,0,0,0,0,0,0,0
47,1,0,14.6139266493394,3.40566340826893,0,0,0,0,0,0,0,0,0,0,0,0,0,0,0,0,0.263578671148831,1.17145686070994,0,0,0,0,0,0,0,0,0,0,0,0,0,0,0,0,0,0,0,0,0,0,0,0,0,0,0,0,0,0,0,0,0,0,0,0,0,0,0,0,0,0,0,0,0,0,0,0,0,0,0,0,0,0,0,0,0,0,0,0
48,1,0,13.2986732508988,3.09915370152473,0,0,0,0,0,0,0,0,0,0,0,0,0,0,0,0,0.239856590745436,1.06602574324605,0,0,0,0,0,0,0,0,0,0,0,0,0,0,0,0,0,0,0,0,0,0,0,0,0,0,0,0,0,0,0,0,0,0,0,0,0,0,0,0,0,0,0,0,0,0,0,0,0,0,0,0,0,0,0,0,0,0,0,0
49,1,0,12.1017926583179,2.8202298683875,0,0,0,0,0,0,0,0,0,0,0,0,0,0,0,0,0.218269497578347,0.970083426353904,0,0,0,0,0,0,0,0,0,0,0,0,0,0,0,0,0,0,0,0,0,0,0,0,0,0,0,0,0,0,0,0,0,0,0,0,0,0,0,0,0,0,0,0,0,0,0,0,0,0,0,0,0,0,0,0,0,0,0,0
50,1,0,11.0126313190693,2.56640918023263,0,0,0,0,0,0,0,0,0,0,0,0,0,0,0,0,0.198625242796295,0.882775917982053,0,0,0,0,0,0,0,0,0,0,0,0,0,0,0,0,0,0,0,0,0,0,0,0,0,0,0,0,0,0,0,0,0,0,0,0,0,0,0,0,0,0,0,0,0,0,0,0,0,0,0,0,0,0,0,0,0,0,0,0
51,1,0,10.0214945003531,2.33543235401169,0,0,0,0,0,0,0,0,0,0,0,0,0,0,0,0,0.180748970944629,0.803326085363668,0,0,0,0,0,0,0,0,0,0,0,0,0,0,0,0,0,0,0,0,0,0,0,0,0,0,0,0,0,0,0,0,0,0,0,0,0,0,0,0,0,0,0,0,0,0,0,0,0,0,0,0,0,0,0,0,0,0,0,0
52,1,0,9.1195599953213,2.12524344215064,0,0,0,0,0,0,0,0,0,0,0,0,0,0,0,0,0.164481563559612,0.731026737680938,0,0,0,0,0,0,0,0,0,0,0,0,0,0,0,0,0,0,0,0,0,0,0,0,0,0,0,0,0,0,0,0,0,0,0,0,0,0,0,0,0,0,0,0,0,0,0,0,0,0,0,0,0,0,0,0,0,0,0,0
53,1,0,8.29879959574238,1.93397153235708,0,0,0,0,0,0,0,0,0,0,0,0,0,0,0,0,0.149678222839247,0.665234331289654,0,0,0,0,0,0,0,0,0,0,0,0,0,0,0,0,0,0,0,0,0,0,0,0,0,0,0,0,0,0,0,0,0,0,0,0,0,0,0,0,0,0,0,0,0,0,0,0,0,0,0,0,0,0,0,0,0,0,0,0
54,1,0,7.55190763212557,1.75991409444494,0,0,0,0,0,0,0,0,0,0,0,0,0,0,0,0,0.136207182783715,0.605363241473585,0,0,0,0,0,0,0,0,0,0,0,0,0,0,0,0,0,0,0,0,0,0,0,0,0,0,0,0,0,0,0,0,0,0,0,0,0,0,0,0,0,0,0,0,0,0,0,0,0,0,0,0,0,0,0,0,0,0,0,0
55,1,0,6.87223594523427,1.6015218259449,0,0,0,0,0,0,0,0,0,0,0,0,0,0,0,0,0.123948536333181,0.550880549740962,0,0,0,0,0,0,0,0,0,0,0,0,0,0,0,0,0,0,0,0,0,0,0,0,0,0,0,0,0,0,0,0,0,0,0,0,0,0,0,0,0,0,0,0,0,0,0,0,0,0,0,0,0,0,0,0,0,0,0,0
56,1,0,6.25373471016318,1.45738486160986,0,0,0,0,0,0,0,0,0,0,0,0,0,0,0,0,0.112793168063194,0.501301300264276,0,0,0,0,0,0,0,0,0,0,0,0,0,0,0,0,0,0,0,0,0,0,0,0,0,0,0,0,0,0,0,0,0,0,0,0,0,0,0,0,0,0,0,0,0,0,0,0,0,0,0,0,0,0,0,0,0,0,0,0
57,1,0,5.6908985862485,1.32622022406497,0,0,0,0,0,0,0,0,0,0,0,0,0,0,0,0,0.102641782937507,0.456184183240491,0,0,0,0,0,0,0,0,0,0,0,0,0,0,0,0,0,0,0,0,0,0,0,0,0,0,0,0,0,0,0,0,0,0,0,0,0,0,0,0,0,0,0,0,0,0,0,0,0,0,0,0,0,0,0,0,0,0,0,0
58,1,0,5.17871771348613,1.20686040389912,0,0,0,0,0,0,0,0,0,0,0,0,0,0,0,0,0.0934040224731312,0.415127606748847,0,0,0,0,0,0,0,0,0,0,0,0,0,0,0,0,0,0,0,0,0,0,0,0,0,0,0,0,0,0,0,0,0,0,0,0,0,0,0,0,0,0,0,0,0,0,0,0,0,0,0,0,0,0,0,0,0,0,0,0
59,1,0,4.71263311927238,1.0982429675482,0,0,0,0,0,0,0,0,0,0,0,0,0,0,0,0,0.0849976604505494,0.37776612214145,0,0,0,0,0,0,0,0,0,0,0,0,0,0,0,0,0,0,0,0,0,0,0,0,0,0,0,0,0,0,0,0,0,0,0,0,0,0,0,0,0,0,0,0,0,0,0,0,0,0,0,0,0,0,0,0,0,0,0,0
60,1,0,4.28849613853787,0.999401100468865,0,0,0,0,0,0,0,0,0,0,0,0,0,0,0,0,0.07734787101,0.34376717114872,0,0,0,0,0,0,0,0,0,0,0,0,0,0,0,0,0,0,0,0,0,0,0,0,0,0,0,0,0,0,0,0,0,0,0,0,0,0,0,0,0,0,0,0,0,0,0,0,0,0,0,0,0,0,0,0,0,0,0,0
61,1,0,3.90253148606946,0.909455001426667,0,0,0,0,0,0,0,0,0,0,0,0,0,0,0,0,0.0703865626191,0.312828125745335,0,0,0,0,0,0,0,0,0,0,0,0,0,0,0,0,0,0,0,0,0,0,0,0,0,0,0,0,0,0,0,0,0,0,0,0,0,0,0,0,0,0,0,0,0,0,0,0,0,0,0,0,0,0,0,0,0,0,0,0
62,1,0,3.55130365232321,0.827604051298267,0,0,0,0,0,0,0,0,0,0,0,0,0,0,0,0,0.064051771983381,0.284673594428255,0,0,0,0,0,0,0,0,0,0,0,0,0,0,0,0,0,0,0,0,0,0,0,0,0,0,0,0,0,0,0,0,0,0,0,0,0,0,0,0,0,0,0,0,0,0,0,0,0,0,0,0,0,0,0,0,0,0,0,0
63,1,0,3.23168632361412,0.753119686681423,0,0,0,0,0,0,0,0,0,0,0,0,0,0,0,0,0.0582871125048767,0.259052970929712,0,0,0,0,0,0,0,0,0,0,0,0,0,0,0,0,0,0,0,0,0,0,0,0,0,0,0,0,0,0,0,0,0,0,0,0,0,0,0,0,0,0,0,0,0,0,0,0,0,0,0,0,0,0,0,0,0,0,0,0
64,1,0,2.94083455448885,0.685338914880095,0,0,0,0,0,0,0,0,0,0,0,0,0,0,0,0,0.0530412723794378,0.235738203546038,0,0,0,0,0,0,0,0,0,0,0,0,0,0,0,0,0,0,0,0,0,0,0,0,0,0,0,0,0,0,0,0,0,0,0,0,0,0,0,0,0,0,0,0,0,0,0,0,0,0,0,0,0,0,0,0,0,0,0,0
65,1,0,2.67615944458485,0.623658412540886,0,0,0,0,0,0,0,0,0,0,0,0,0,0,0,0,0.0482675578652884,0.214521765226895,0,0,0,0,0,0,0,0,0,0,0,0,0,0,0,0,0,0,0,0,0,0,0,0,0,0,0,0,0,0,0,0,0,0,0,0,0,0,0,0,0,0,0,0,0,0,0,0,0,0,0,0,0,0,0,0,0,0,0,0
66,1,0,2.43530509457222,0.567529155412207,0,0,0,0,0,0,0,0,0,0,0,0,0,0,0,0,0.0439234776574124,0.195214806356474,0,0,0,0,0,0,0,0,0,0,0,0,0,0,0,0,0,0,0,0,0,0,0,0,0,0,0,0,0,0,0,0,0,0,0,0,0,0,0,0,0,0,0,0,0,0,0,0,0,0,0,0,0,0,0,0,0,0,0,0
67,1,0,2.21612763606072,0.516451531425108,0,0,0,0,0,0,0,0,0,0,0,0,0,0,0,0,0.0399703646682453,0.177645473784391,0,0,0,0,0,0,0,0,0,0,0,0,0,0,0,0,0,0,0,0,0,0,0,0,0,0,0,0,0,0,0,0,0,0,0,0,0,0,0,0,0,0,0,0,0,0,0,0,0,0,0,0,0,0,0,0,0,0,0,0
68,1,0,2.01667614881525,0.469970893596848,0,0,0,0,0,0,0,0,0,0,0,0,0,0,0,0,0.0363730318481032,0.161657381143796,0,0,0,0,0,0,0,0,0,0,0,0,0,0,0,0,0,0,0,0,0,0,0,0,0,0,0,0,0,0,0,0,0,0,0,0,0,0,0,0,0,0,0,0,0,0,0,0,0,0,0,0,0,0,0,0,0,0,0,0
69,1,0,1.83517529542188,0.427673513173132,0,0,0,0,0,0,0,0,0,0,0,0,0,0,0,0,0.033099458981774,0.147108216840855,0,0,0,0,0,0,0,0,0,0,0,0,0,0,0,0,0,0,0,0,0,0,0,0,0,0,0,0,0,0,0,0,0,0,0,0,0,0,0,0,0,0,0,0,0,0,0,0,0,0,0,0,0,0,0,0,0,0,0,0
70,1,0,1.67000951883391,0.38918289698755,0,0,0,0,0,0,0,0,0,0,0,0,0,0,0,0,0.0301205076734143,0.133868477325178,0,0,0,0,0,0,0,0,0,0,0,0,0,0,0,0,0,0,0,0,0,0,0,0,0,0,0,0,0,0,0,0,0,0,0,0,0,0,0,0,0,0,0,0,0,0,0,0,0,0,0,0,0,0,0,0,0,0,0,0
71,1,0,1.51970866213886,0.354156436258671,0,0,0,0,0,0,0,0,0,0,0,0,0,0,0,0,0.027409661982807,0.121820314365912,0,0,0,0,0,0,0,0,0,0,0,0,0,0,0,0,0,0,0,0,0,0,0,0,0,0,0,0,0,0,0,0,0,0,0,0,0,0,0,0,0,0,0,0,0,0,0,0,0,0,0,0,0,0,0,0,0,0,0,0
72,1,0,1.38293488254636,0.32228235699539,0,0,0,0,0,0,0,0,0,0,0,0,0,0,0,0,0.0249427924043544,0.11085648607298,0,0,0,0,0,0,0,0,0,0,0,0,0,0,0,0,0,0,0,0,0,0,0,0,0,0,0,0,0,0,0,0,0,0,0,0,0,0,0,0,0,0,0,0,0,0,0,0,0,0,0,0,0,0,0,0,0,0,0,0
73,1,0,1.25847074311719,0.293276944865805,0,0,0,0,0,0,0,0,0,0,0,0,0,0,0,0,0.0226979410879625,0.100879402326411,0,0,0,0,0,0,0,0,0,0,0,0,0,0,0,0,0,0,0,0,0,0,0,0,0,0,0,0,0,0,0,0,0,0,0,0,0,0,0,0,0,0,0,0,0,0,0,0,0,0,0,0,0,0,0,0,0,0,0,0
74,1,0,1.14520837623664,0.266882019827883,0,0,0,0,0,0,0,0,0,0,0,0,0,0,0,0,0.0206551263900459,0.0918002561170344,0,0,0,0,0,0,0,0,0,0,0,0,0,0,0,0,0,0,0,0,0,0,0,0,0,0,0,0,0,0,0,0,0,0,0,0,0,0,0,0,0,0,0,0,0,0,0,0,0,0,0,0,0,0,0,0,0,0,0,0
75,1,0,1.04213962237534,0.242862638043373,0,0,0,0,0,0,0,0,0,0,0,0,0,0,0,0,0.0187961650149417,0.0835382330665013,0,0,0,0,0,0,0,0,0,0,0,0,0,0,0,0,0,0,0,0,0,0,0,0,0,0,0,0,0,0,0,0,0,0,0,0,0,0,0,0,0,0,0,0,0,0,0,0,0,0,0,0,0,0,0,0,0,0,0,0
76,1,0,0.948347056361563,0.22100500061947,0,0,0,0,0,0,0,0,0,0,0,0,0,0,0,0,0.017104510163597,0.0760197920905162,0,0,0,0,0,0,0,0,0,0,0,0,0,0,0,0,0,0,0,0,0,0,0,0,0,0,0,0,0,0,0,0,0,0,0,0,0,0,0,0,0,0,0,0,0,0,0,0,0,0,0,0,0,0,0,0,0,0,0,0
77,1,0,0.862995821289023,0.201114550563717,0,0,0,0,0,0,0,0,0,0,0,0,0,0,0,0,0.0155651042488733,0.0691780108023697,0,0,0,0,0,0,0,0,0,0,0,0,0,0,0,0,0,0,0,0,0,0,0,0,0,0,0,0,0,0,0,0,0,0,0,0,0,0,0,0,0,0,0,0,0,0,0,0,0,0,0,0,0,0,0,0,0,0,0,0
78,1,0,0.785326197373011,0.183014241012983,0,0,0,0,0,0,0,0,0,0,0,0,0,0,0,0,0.0141642448664747,0.0629519898301565,0,0,0,0,0,0,0,0,0,0,0,0,0,0,0,0,0,0,0,0,0,0,0,0,0,0,0,0,0,0,0,0,0,0,0,0,0,0,0,0,0,0,0,0,0,0,0,0,0,0,0,0,0,0,0,0,0,0,0,0
79,1,0,0.71464683960944,0.166542959321814,0,0,0,0,0,0,0,0,0,0,0,0,0,0,0,0,0.0128894628284919,0.0572863107454424,0,0,0,0,0,0,0,0,0,0,0,0,0,0,0,0,0,0,0,0,0,0,0,0,0,0,0,0,0,0,0,0,0,0,0,0,0,0,0,0,0,0,0,0,0,0,0,0,0,0,0,0,0,0,0,0,0,0,0,0
80,1,0,0.65032862404459,0.151554092982851,0,0,0,0,0,0,0,0,0,0,0,0,0,0,0,0,0.0117294111739277,0.0521305427783526,0,0,0,0,0,0,0,0,0,0,0,0,0,0,0,0,0,0,0,0,0,0,0,0,0,0,0,0,0,0,0,0,0,0,0,0,0,0,0,0,0,0,0,0,0,0,0,0,0,0,0,0,0,0,0,0,0,0,0,0
81,1,0,0.591799047880577,0.137914224614395,0,0,0,0,0,0,0,0,0,0,0,0,0,0,0,0,0.0106737641682742,0.0474387939283008,0,0,0,0,0,0,0,0,0,0,0,0,0,0,0,0,0,0,0,0,0,0,0,0,0,0,0,0,0,0,0,0,0,0,0,0,0,0,0,0,0,0,0,0,0,0,0,0,0,0,0,0,0,0,0,0,0,0,0,0
82,1,0,0.538537133571325,0.125501944399099,0,0,0,0,0,0,0,0,0,0,0,0,0,0,0,0,0.0097131253931295,0.0431693024747538,0,0,0,0,0,0,0,0,0,0,0,0,0,0,0,0,0,0,0,0,0,0,0,0,0,0,0,0,0,0,0,0,0,0,0,0,0,0,0,0,0,0,0,0,0,0,0,0,0,0,0,0,0,0,0,0,0,0,0,0
83,1,0,0.490068791549906,0.11420676940318,0,0,0,0,0,0,0,0,0,0,0,0,0,0,0,0,0.00883894410774785,0.0392840652520259,0,0,0,0,0,0,0,0,0,0,0,0,0,0,0,0,0,0,0,0,0,0,0,0,0,0,0,0,0,0,0,0,0,0,0,0,0,0,0,0,0,0,0,0,0,0,0,0,0,0,0,0,0,0,0,0,0,0,0,0
84,1,0,0.445962600310414,0.103928160156894,0,0,0,0,0,0,0,0,0,0,0,0,0,0,0,0,0.00804343913805054,0.0357484993793436,0,0,0,0,0,0,0,0,0,0,0,0,0,0,0,0,0,0,0,0,0,0,0,0,0,0,0,0,0,0,0,0,0,0,0,0,0,0,0,0,0,0,0,0,0,0,0,0,0,0,0,0,0,0,0,0,0,0,0,0
85,1,0,0.405825966282477,0.0945746257427735,0,0,0,0,0,0,0,0,0,0,0,0,0,0,0,0,0.00731952961562599,0.0325311344352027,0,0,0,0,0,0,0,0,0,0,0,0,0,0,0,0,0,0,0,0,0,0,0,0,0,0,0,0,0,0,0,0,0,0,0,0,0,0,0,0,0,0,0,0,0,0,0,0,0,0,0,0,0,0,0,0,0,0,0,0
86,1,0,0.369301629317054,0.0860629094259239,0,0,0,0,0,0,0,0,0,0,0,0,0,0,0,0,0.00666077195021965,0.0296033323360344,0,0,0,0,0,0,0,0,0,0,0,0,0,0,0,0,0,0,0,0,0,0,0,0,0,0,0,0,0,0,0,0,0,0,0,0,0,0,0,0,0,0,0,0,0,0,0,0,0,0,0,0,0,0,0,0,0,0,0,0
87,1,0,0.336064482678519,0.0783172475775907,0,0,0,0,0,0,0,0,0,0,0,0,0,0,0,0,0.00606130247469989,0.0269390324257913,0,0,0,0,0,0,0,0,0,0,0,0,0,0,0,0,0,0,0,0,0,0,0,0,0,0,0,0,0,0,0,0,0,0,0,0,0,0,0,0,0,0,0,0,0,0,0,0,0,0,0,0,0,0,0,0,0,0,0,0
88,1,0,0.305818679237453,0.0712686952956076,0,0,0,0,0,0,0,0,0,0,0,0,0,0,0,0,0.0055157852519769,0.0245145195074701,0,0,0,0,0,0,0,0,0,0,0,0,0,0,0,0,0,0,0,0,0,0,0,0,0,0,0,0,0,0,0,0,0,0,0,0,0,0,0,0,0,0,0,0,0,0,0,0,0,0,0,0,0,0,0,0,0,0,0,0
89,1,0,0.278294998106082,0.0648545127190029,0,0,0,0,0,0,0,0,0,0,0,0,0,0,0,0,0.00501936457929898,0.0223082127517978,0,0,0,0,0,0,0,0,0,0,0,0,0,0,0,0,0,0,0,0,0,0,0,0,0,0,0,0,0,0,0,0,0,0,0,0,0,0,0,0,0,0,0,0,0,0,0,0,0,0,0,0,0,0,0,0,0,0,0,0
90,1,0,0.253248448276535,0.0590176065742926,0,0,0,0,0,0,0,0,0,0,0,0,0,0,0,0,0.00456762176716207,0.020300473604136,0,0,0,0,0,0,0,0,0,0,0,0,0,0,0,0,0,0,0,0,0,0,0,0,0,0,0,0,0,0,0,0,0,0,0,0,0,0,0,0,0,0,0,0,0,0,0,0,0,0,0,0,0,0,0,0,0,0,0,0
91,1,0,0.230456087931646,0.0537060219826063,0,0,0,0,0,0,0,0,0,0,0,0,0,0,0,0,0.00415653580811748,0.0184734309797638,0,0,0,0,0,0,0,0,0,0,0,0,0,0,0,0,0,0,0,0,0,0,0,0,0,0,0,0,0,0,0,0,0,0,0,0,0,0,0,0,0,0,0,0,0,0,0,0,0,0,0,0,0,0,0,0,0,0,0,0
92,1,0,0.209715040017798,0.0488724800041717,0,0,0,0,0,0,0,0,0,0,0,0,0,0,0,0,0.00378244758538691,0.016810822191585,0,0,0,0,0,0,0,0,0,0,0,0,0,0,0,0,0,0,0,0,0,0,0,0,0,0,0,0,0,0,0,0,0,0,0,0,0,0,0,0,0,0,0,0,0,0,0,0,0,0,0,0,0,0,0,0,0,0,0,0
93,1,0,0.190840686416196,0.0444739568037963,0,0,0,0,0,0,0,0,0,0,0,0,0,0,0,0,0.00344202730270209,0.0152978481943424,0,0,0,0,0,0,0,0,0,0,0,0,0,0,0,0,0,0,0,0,0,0,0,0,0,0,0,0,0,0,0,0,0,0,0,0,0,0,0,0,0,0,0,0,0,0,0,0,0,0,0,0,0,0,0,0,0,0,0,0
94,1,0,0.173665024638739,0.0404713006914546,0,0,0,0,0,0,0,0,0,0,0,0,0,0,0,0,0.0031322448454589,0.0139210418568516,0,0,0,0,0,0,0,0,0,0,0,0,0,0,0,0,0,0,0,0,0,0,0,0,0,0,0,0,0,0,0,0,0,0,0,0,0,0,0,0,0,0,0,0,0,0,0,0,0,0,0,0,0,0,0,0,0,0,0,0
95,1,0,0.158035172421252,0.0368288836292237,0,0,0,0,0,0,0,0,0,0,0,0,0,0,0,0,0.0028503428093676,0.0126681480897349,0,0,0,0,0,0,0,0,0,0,0,0,0,0,0,0,0,0,0,0,0,0,0,0,0,0,0,0,0,0,0,0,0,0,0,0,0,0,0,0,0,0,0,0,0,0,0,0,0,0,0,0,0,0,0,0,0,0,0,0
96,1,0,0.14381200690334,0.0335142841025936,0,0,0,0,0,0,0,0,0,0,0,0,0,0,0,0,0.00259381195652451,0.0115280147616588,0,0,0,0,0,0,0,0,0,0,0,0,0,0,0,0,0,0,0,0,0,0,0,0,0,0,0,0,0,0,0,0,0,0,0,0,0,0,0,0,0,0,0,0,0,0,0,0,0,0,0,0,0,0,0,0,0,0,0,0
97,1,0,0.130868926282039,0.0304979985333602,0,0,0,0,0,0,0,0,0,0,0,0,0,0,0,0,0.00236036888043731,0.0104904934331095,0,0,0,0,0,0,0,0,0,0,0,0,0,0,0,0,0,0,0,0,0,0,0,0,0,0,0,0,0,0,0,0,0,0,0,0,0,0,0,0,0,0,0,0,0,0,0,0,0,0,0,0,0,0,0,0,0,0,0,0
98,1,0,0.119090722916656,0.0277531786653577,0,0,0,0,0,0,0,0,0,0,0,0,0,0,0,0,0.00214793568119795,0.00954634902412963,0,0,0,0,0,0,0,0,0,0,0,0,0,0,0,0,0,0,0,0,0,0,0,0,0,0,0,0,0,0,0,0,0,0,0,0,0,0,0,0,0,0,0,0,0,0,0,0,0,0,0,0,0,0,0,0,0,0,0,0
99,1,0,0.108372557854157,0.0252553925854755,0,0,0,0,0,0,0,0,0,0,0,0,0,0,0,0,0.00195462146989014,0.00868717761195797,0,0,0,0,0,0,0,0,0,0,0,0,0,0,0,0,0,0,0,0,0,0,0,0,0,0,0,0,0,0,0,0,0,0,0,0,0,0,0,0,0,0,0,0,0,0,0,0,0,0,0,0,0,0,0,0,0,0,0,0
100,1,0,0.0986190276472824,0.0229824072527827,0,0,0,0,0,0,0,0,0,0,0,0,0,0,0,0,0.00177870553760002,0.00790533162688175,0,0,0,0,0,0,0,0,0,0,0,0,0,0,0,0,0,0,0,0,0,0,0,0,0,0,0,0,0,0,0,0,0,0,0,0,0,0,0,0,0,0,0,0,0,0,0,0,0,0,0,0,0,0,0,0,0,0,0,0
101,1,0,0.089743315159027,0.0209139906000323,0,0,0,0,0,0,0,0,0,0,0,0,0,0,0,0,0.00161862203921602,0.00719385178046239,0,0,0,0,0,0,0,0,0,0,0,0,0,0,0,0,0,0,0,0,0,0,0,0,0,0,0,0,0,0,0,0,0,0,0,0,0,0,0,0,0,0,0,0,0,0,0,0,0,0,0,0,0,0,0,0,0,0,0,0
102,1,0,0.0816664167947146,0.0190317314460294,0,0,0,0,0,0,0,0,0,0,0,0,0,0,0,0,0.00147294605568658,0.00654640512022078,0,0,0,0,0,0,0,0,0,0,0,0,0,0,0,0,0,0,0,0,0,0,0,0,0,0,0,0,0,0,0,0,0,0,0,0,0,0,0,0,0,0,0,0,0,0,0,0,0,0,0,0,0,0,0,0,0,0,0,0
103,1,0,0.0743164392831903,0.0173188756158868,0,0,0,0,0,0,0,0,0,0,0,0,0,0,0,0,0.00134038091067479,0.00595722865940091,0,0,0,0,0,0,0,0,0,0,0,0,0,0,0,0,0,0,0,0,0,0,0,0,0,0,0,0,0,0,0,0,0,0,0,0,0,0,0,0,0,0,0,0,0,0,0,0,0,0,0,0,0,0,0,0,0,0,0,0
104,1,0,0.0676279597477032,0.0157601768104569,0,0,0,0,0,0,0,0,0,0,0,0,0,0,0,0,0.00121974662871406,0.00542107808005483,0,0,0,0,0,0,0,0,0,0,0,0,0,0,0,0,0,0,0,0,0,0,0,0,0,0,0,0,0,0,0,0,0,0,0,0,0,0,0,0,0,0,0,0,0,0,0,0,0,0,0,0,0,0,0,0,0,0,0,0
105,1,0,0.0615414433704099,0.0143417608975158,0,0,0,0,0,0,0,0,0,0,0,0,0,0,0,0,0.00110996943212979,0.00493318105284989,0,0,0,0,0,0,0,0,0,0,0,0,0,0,0,0,0,0,0,0,0,0,0,0,0,0,0,0,0,0,0,0,0,0,0,0,0,0,0,0,0,0,0,0,0,0,0,0,0,0,0,0,0,0,0,0,0,0,0,0
106,1,0,0.056002713467073,0.0130510024167394,0,0,0,0,0,0,0,0,0,0,0,0,0,0,0,0,0.00101007218323811,0.0044891947580934,0,0,0,0,0,0,0,0,0,0,0,0,0,0,0,0,0,0,0,0,0,0,0,0,0,0,0,0,0,0,0,0,0,0,0,0,0,0,0,0,0,0,0,0,0,0,0,0,0,0,0,0,0,0,0,0,0,0,0,0
107,1,0,0.0509624692550364,0.0118764121992329,0,0,0,0,0,0,0,0,0,0,0,0,0,0,0,0,0.00091916568674668,0.004085167229865,0,0,0,0,0,0,0,0,0,0,0,0,0,0,0,0,0,0,0,0,0,0,0,0,0,0,0,0,0,0,0,0,0,0,0,0,0,0,0,0,0,0,0,0,0,0,0,0,0,0,0,0,0,0,0,0,0,0,0,0
108,1,0,0.0463758470220831,0.0108075351013019,0,0,0,0,0,0,0,0,0,0,0,0,0,0,0,0,0.000836440774939479,0.00371750217917715,0,0,0,0,0,0,0,0,0,0,0,0,0,0,0,0,0,0,0,0,0,0,0,0,0,0,0,0,0,0,0,0,0,0,0,0,0,0,0,0,0,0,0,0,0,0,0,0,0,0,0,0,0,0,0,0,0,0,0,0
109,1,0,0.0422020207900957,0.00983485694218473,0,0,0,0,0,0,0,0,0,0,0,0,0,0,0,0,0.000761161105194926,0.0033829269830512,0,0,0,0,0,0,0,0,0,0,0,0,0,0,0,0,0,0,0,0,0,0,0,0,0,0,0,0,0,0,0,0,0,0,0,0,0,0,0,0,0,0,0,0,0,0,0,0,0,0,0,0,0,0,0,0,0,0,0,0
110,1,0,0.0384038389189871,0.0089497198173881,0,0,0,0,0,0,0,0,0,0,0,0,0,0,0,0,0.000692656605727383,0.0030784635545766,0,0,0,0,0,0,0,0,0,0,0,0,0,0,0,0,0,0,0,0,0,0,0,0,0,0,0,0,0,0,0,0,0,0,0,0,0,0,0,0,0,0,0,0,0,0,0,0,0,0,0,0,0,0,0,0,0,0,0,0
111,1,0,0.0349474934162782,0.00814424503382317,0,0,0,0,0,0,0,0,0,0,0,0,0,0,0,0,0.000630317511211918,0.0028014018346647,0,0,0,0,0,0,0,0,0,0,0,0,0,0,0,0,0,0,0,0,0,0,0,0,0,0,0,0,0,0,0,0,0,0,0,0,0,0,0,0,0,0,0,0,0,0,0,0,0,0,0,0,0,0,0,0,0,0,0,0
112,1,0,0.0318022190088132,0.00741126298077909,0,0,0,0,0,0,0,0,0,0,0,0,0,0,0,0,0.000573588935202846,0.00254927566954488,0,0,0,0,0,0,0,0,0,0,0,0,0,0,0,0,0,0,0,0,0,0,0,0,0,0,0,0,0,0,0,0,0,0,0,0,0,0,0,0,0,0,0,0,0,0,0,0,0,0,0,0,0,0,0,0,0,0,0,0
113,1,0,0.02894001929802,0.00674424931250897,0,0,0,0,0,0,0,0,0,0,0,0,0,0,0,0,0.00052196593103459,0.00231984085928584,0,0,0,0,0,0,0,0,0,0,0,0,0,0,0,0,0,0,0,0,0,0,0,0,0,0,0,0,0,0,0,0,0,0,0,0,0,0,0,0,0,0,0,0,0,0,0,0,0,0,0,0,0,0,0,0,0,0,0,0
114,1,0,0.0263354175611982,0.00613726687438316,0,0,0,0,0,0,0,0,0,0,0,0,0,0,0,0,0.000474988997241477,0.00211105518195011,0,0,0,0,0,0,0,0,0,0,0,0,0,0,0,0,0,0,0,0,0,0,0,0,0,0,0,0,0,0,0,0,0,0,0,0,0,0,0,0,0,0,0,0,0,0,0,0,0,0,0,0,0,0,0,0,0,0,0,0
115,1,0,0.0239652299806904,0.00558491285568868,0,0,0,0,0,0,0,0,0,0,0,0,0,0,0,0,0.000432239987489744,0.0019210602155746,0,0,0,0,0,0,0,0,0,0,0,0,0,0,0,0,0,0,0,0,0,0,0,0,0,0,0,0,0,0,0,0,0,0,0,0,0,0,0,0,0,0,0,0,0,0,0,0,0,0,0,0,0,0,0,0,0,0,0,0
116,1,0,0.0218083592824282,0.0050822706986767,0,0,0,0,0,0,0,0,0,0,0,0,0,0,0,0,0.000393338388615667,0.00174816479617289,0,0,0,0,0,0,0,0,0,0,0,0,0,0,0,0,0,0,0,0,0,0,0,0,0,0,0,0,0,0,0,0,0,0,0,0,0,0,0,0,0,0,0,0,0,0,0,0,0,0,0,0,0,0,0,0,0,0,0,0
117,1,0,0.0198456069470097,0.00462486633579579,0,0,0,0,0,0,0,0,0,0,0,0,0,0,0,0,0.000357937933640257,0.00159082996451733,0,0,0,0,0,0,0,0,0,0,0,0,0,0,0,0,0,0,0,0,0,0,0,0,0,0,0,0,0,0,0,0,0,0,0,0,0,0,0,0,0,0,0,0,0,0,0,0,0,0,0,0,0,0,0,0,0,0,0,0
118,1,0,0.0180595023217788,0.00420862836557417,0,0,0,0,0,0,0,0,0,0,0,0,0,0,0,0,0.000325723519612634,0.00144765526771077,0,0,0,0,0,0,0,0,0,0,0,0,0,0,0,0,0,0,0,0,0,0,0,0,0,0,0,0,0,0,0,0,0,0,0,0,0,0,0,0,0,0,0,0,0,0,0,0,0,0,0,0,0,0,0,0,0,0,0,0
119,1,0,0.0164341471128187,0.0038298518126725,0,0,0,0,0,0,0,0,0,0,0,0,0,0,0,0,0.000296408402847497,0.0013173662936168,0,0,0,0,0,0,0,0,0,0,0,0,0,0,0,0,0,0,0,0,0,0,0,0,0,0,0,0,0,0,0,0,0,0,0,0,0,0,0,0,0,0,0,0,0,0,0,0,0,0,0,0,0,0,0,0,0,0,0,0
120,1,0,0.014955073872665,0.00348516514953197,0,0,0,0,0,0,0,0,0,0,0,0,0,0,0,0,0.000269731646591222,0.00119880332719129,0,0,0,0,0,0,0,0,0,0,0,0,0,0,0,0,0,0,0,0,0,0,0,0,0,0,0,0,0,0,0,0,0,0,0,0,0,0,0,0,0,0,0,0,0,0,0,0,0,0,0,0,0,0,0,0,0,0,0,0
121,1,0,0.0136091172241252,0.0031715002860741,0,0,0,0,0,0,0,0,0,0,0,0,0,0,0,0,0.000245455798398012,0.00109091102774407,0,0,0,0,0,0,0,0,0,0,0,0,0,0,0,0,0,0,0,0,0,0,0,0,0,0,0,0,0,0,0,0,0,0,0,0,0,0,0,0,0,0,0,0,0,0,0,0,0,0,0,0,0,0,0,0,0,0,0,0
122,1,0,0.0123842966739539,0.00288606526032743,0,0,0,0,0,0,0,0,0,0,0,0,0,0,0,0,0.000223364776542191,0.000992729035247106,0,0,0,0,0,0,0,0,0,0,0,0,0,0,0,0,0,0,0,0,0,0,0,0,0,0,0,0,0,0,0,0,0,0,0,0,0,0,0,0,0,0,0,0,0,0,0,0,0,0,0,0,0,0,0,0,0,0,0,0
123,1,0,0.0112697099732981,0.00262631938689796,0,0,0,0,0,0,0,0,0,0,0,0,0,0,0,0,0.000203261946653394,0.000903383422074867,0,0,0,0,0,0,0,0,0,0,0,0,0,0,0,0,0,0,0,0,0,0,0,0,0,0,0,0,0,0,0,0,0,0,0,0,0,0,0,0,0,0,0,0,0,0,0,0,0,0,0,0,0,0,0,0,0,0,0,0
124,1,0,0.0102554360757012,0.00238995064207714,0,0,0,0,0,0,0,0,0,0,0,0,0,0,0,0,0.000184968371454588,0.000822078914088129,0,0,0,0,0,0,0,0,0,0,0,0,0,0,0,0,0,0,0,0,0,0,0,0,0,0,0,0,0,0,0,0,0,0,0,0,0,0,0,0,0,0,0,0,0,0,0,0,0,0,0,0,0,0,0,0,0,0,0,0
125,1,0,0.00933244682888813,0.0021748550842902,0,0,0,0,0,0,0,0,0,0,0,0,0,0,0,0,0.000168321218023675,0.000748091811820197,0,0,0,0,0,0,0,0,0,0,0,0,0,0,0,0,0,0,0,0,0,0,0,0,0,0,0,0,0,0,0,0,0,0,0,0,0,0,0,0,0,0,0,0,0,0,0,0,0,0,0,0,0,0,0,0,0,0,0,0
126,1,0,0.0084925266142882,0.00197911812670408,0,0,0,0,0,0,0,0,0,0,0,0,0,0,0,0,0.000153172308401545,0.000680763548756379,0,0,0,0,0,0,0,0,0,0,0,0,0,0,0,0,0,0,0,0,0,0,0,0,0,0,0,0,0,0,0,0,0,0,0,0,0,0,0,0,0,0,0,0,0,0,0,0,0,0,0,0,0,0,0,0,0,0,0,0
127,1,0,0.00772819921900226,0.00180099749530071,0,0,0,0,0,0,0,0,0,0,0,0,0,0,0,0,0.000139386800645406,0.000619494829368305,0,0,0,0,0,0,0,0,0,0,0,0,0,0,0,0,0,0,0,0,0,0,0,0,0,0,0,0,0,0,0,0,0,0,0,0,0,0,0,0,0,0,0,0,0,0,0,0,0,0,0,0,0,0,0,0,0,0,0,0
128,1,0,0.00703266128929206,0.00163890772072365,0,0,0,0,0,0,0,0,0,0,0,0,0,0,0,0,0.000126841988587319,0.000563740294725158,0,0,0,0,0,0,0,0,0,0,0,0,0,0,0,0,0,0,0,0,0,0,0,0,0,0,0,0,0,0,0,0,0,0,0,0,0,0,0,0,0,0,0,0,0,0,0,0,0,0,0,0,0,0,0,0,0,0,0,0
129,1,0,0.00639972177325577,0.00149140602585852,0,0,0,0,0,0,0,0,0,0,0,0,0,0,0,0,0.00011542620961446,0.000513003668199894,0,0,0,0,0,0,0,0,0,0,0,0,0,0,0,0,0,0,0,0,0,0,0,0,0,0,0,0,0,0,0,0,0,0,0,0,0,0,0,0,0,0,0,0,0,0,0,0,0,0,0,0,0,0,0,0,0,0,0,0
130,1,0,0.00582374681366275,0.00135717948353125,0,0,0,0,0,0,0,0,0,0,0,0,0,0,0,0,0.000105037850749159,0.000466833338061903,0,0,0,0,0,0,0,0,0,0,0,0,0,0,0,0,0,0,0,0,0,0,0,0,0,0,0,0,0,0,0,0,0,0,0,0,0,0,0,0,0,0,0,0,0,0,0,0,0,0,0,0,0,0,0,0,0,0,0,0
131,1,0,0.00529960960043311,0.00123503333001344,0,0,0,0,0,0,0,0,0,0,0,0,0,0,0,0,9.55844441817346e-05,0.000424818337636332,0,0,0,0,0,0,0,0,0,0,0,0,0,0,0,0,0,0,0,0,0,0,0,0,0,0,0,0,0,0,0,0,0,0,0,0,0,0,0,0,0,0,0,0,0,0,0,0,0,0,0,0,0,0,0,0,0,0,0,0
132,1,0,0.00482264473639413,0.00112388033031223,0,0,0,0,0,0,0,0,0,0,0,0,0,0,0,0,8.69818442053785e-05,0.000386584687249062,0,0,0,0,0,0,0,0,0,0,0,0,0,0,0,0,0,0,0,0,0,0,0,0,0,0,0,0,0,0,0,0,0,0,0,0,0,0,0,0,0,0,0,0,0,0,0,0,0,0,0,0,0,0,0,0,0,0,0,0
133,1,0,0.00438860671011866,0.00102273110058413,0,0,0,0,0,0,0,0,0,0,0,0,0,0,0,0,7.91534782268945e-05,0.000351792065396647,0,0,0,0,0,0,0,0,0,0,0,0,0,0,0,0,0,0,0,0,0,0,0,0,0,0,0,0,0,0,0,0,0,0,0,0,0,0,0,0,0,0,0,0,0,0,0,0,0,0,0,0,0,0,0,0,0,0,0,0
134,1,0,0.00399363210620798,0.00093068530153156,0,0,0,0,0,0,0,0,0,0,0,0,0,0,0,0,7.2029665186474e-05,0.000320130779510948,0,0,0,0,0,0,0,0,0,0,0,0,0,0,0,0,0,0,0,0,0,0,0,0,0,0,0,0,0,0,0,0,0,0,0,0,0,0,0,0,0,0,0,0,0,0,0,0,0,0,0,0,0,0,0,0,0,0,0,0
135,1,0,0.00363420521664926,0.000846923624393719,0,0,0,0,0,0,0,0,0,0,0,0,0,0,0,0,6.55469953196913e-05,0.000291319009354963,0,0,0,0,0,0,0,0,0,0,0,0,0,0,0,0,0,0,0,0,0,0,0,0,0,0,0,0,0,0,0,0,0,0,0,0,0,0,0,0,0,0,0,0,0,0,0,0,0,0,0,0,0,0,0,0,0,0,0,0
136,1,0,0.00330712674715083,0.000770700498198285,0,0,0,0,0,0,0,0,0,0,0,0,0,0,0,0,5.96477657409191e-05,0.000265100298513016,0,0,0,0,0,0,0,0,0,0,0,0,0,0,0,0,0,0,0,0,0,0,0,0,0,0,0,0,0,0,0,0,0,0,0,0,0,0,0,0,0,0,0,0,0,0,0,0,0,0,0,0,0,0,0,0,0,0,0,0
137,1,0,0.00300948533990725,0.000701337453360439,0,0,0,0,0,0,0,0,0,0,0,0,0,0,0,0,5.42794668242364e-05,0.000241241271646845,0,0,0,0,0,0,0,0,0,0,0,0,0,0,0,0,0,0,0,0,0,0,0,0,0,0,0,0,0,0,0,0,0,0,0,0,0,0,0,0,0,0,0,0,0,0,0,0,0,0,0,0,0,0,0,0,0,0,0,0
138,1,0,0.0027386316593156,0.000638217082557999,0,0,0,0,0,0,0,0,0,0,0,0,0,0,0,0,4.93943148100551e-05,0.000219529557198629,0,0,0,0,0,0,0,0,0,0,0,0,0,0,0,0,0,0,0,0,0,0,0,0,0,0,0,0,0,0,0,0,0,0,0,0,0,0,0,0,0,0,0,0,0,0,0,0,0,0,0,0,0,0,0,0,0,0,0,0
139,1,0,0.0024921548099772,0.000580777545127779,0,0,0,0,0,0,0,0,0,0,0,0,0,0,0,0,4.49488264771501e-05,0.000199771897050752,0,0,0,0,0,0,0,0,0,0,0,0,0,0,0,0,0,0,0,0,0,0,0,0,0,0,0,0,0,0,0,0,0,0,0,0,0,0,0,0,0,0,0,0,0,0,0,0,0,0,0,0,0,0,0,0,0,0,0,0
140,1,0,0.00226786087707925,0.000528507566066279,0,0,0,0,0,0,0,0,0,0,0,0,0,0,0,0,4.09034320942066e-05,0.000181792426316185,0,0,0,0,0,0,0,0,0,0,0,0,0,0,0,0,0,0,0,0,0,0,0,0,0,0,0,0,0,0,0,0,0,0,0,0,0,0,0,0,0,0,0,0,0,0,0,0,0,0,0,0,0,0,0,0,0,0,0,0
141,1,0,0.00206375339814212,0.000480941885120314,0,0,0,0,0,0,0,0,0,0,0,0,0,0,0,0,3.7222123205728e-05,0.000165431107947728,0,0,0,0,0,0,0,0,0,0,0,0,0,0,0,0,0,0,0,0,0,0,0,0,0,0,0,0,0,0,0,0,0,0,0,0,0,0,0,0,0,0,0,0,0,0,0,0,0,0,0,0,0,0,0,0,0,0,0,0
142,1,0,0.00187801559230933,0.000437657115459486,0,0,0,0,0,0,0,0,0,0,0,0,0,0,0,0,3.38721321172125e-05,0.000150542308232432,0,0,0,0,0,0,0,0,0,0,0,0,0,0,0,0,0,0,0,0,0,0,0,0,0,0,0,0,0,0,0,0,0,0,0,0,0,0,0,0,0,0,0,0,0,0,0,0,0,0,0,0,0,0,0,0,0,0,0,0
143,1,0,0.00170899418900149,0.000398267975068132,0,0,0,0,0,0,0,0,0,0,0,0,0,0,0,0,3.08236402266634e-05,0.000136993500491514,0,0,0,0,0,0,0,0,0,0,0,0,0,0,0,0,0,0,0,0,0,0,0,0,0,0,0,0,0,0,0,0,0,0,0,0,0,0,0,0,0,0,0,0,0,0,0,0,0,0,0,0,0,0,0,0,0,0,0,0
144,1,0,0.00155518471199135,0.000362423857312,0,0,0,0,0,0,0,0,0,0,0,0,0,0,0,0,2.80495126062637e-05,0.000124664085447277,0,0,0,0,0,0,0,0,0,0,0,0,0,0,0,0,0,0,0,0,0,0,0,0,0,0,0,0,0,0,0,0,0,0,0,0,0,0,0,0,0,0,0,0,0,0,0,0,0,0,0,0,0,0,0,0,0,0,0,0
145,1,0,0.00141521808791213,0.00032980571015392,0,0,0,0,0,0,0,0,0,0,0,0,0,0,0,0,2.55250564717e-05,0.000113444317757022,0,0,0,0,0,0,0,0,0,0,0,0,0,0,0,0,0,0,0,0,0,0,0,0,0,0,0,0,0,0,0,0,0,0,0,0,0,0,0,0,0,0,0,0,0,0,0,0,0,0,0,0,0,0,0,0,0,0,0,0
146,1,0,0.00128784846000004,0.000300123196240067,0,0,0,0,0,0,0,0,0,0,0,0,0,0,0,0,2.3227801389247e-05,0.00010323432915889,0,0,0,0,0,0,0,0,0,0,0,0,0,0,0,0,0,0,0,0,0,0,0,0,0,0,0,0,0,0,0,0,0,0,0,0,0,0,0,0,0,0,0,0,0,0,0,0,0,0,0,0,0,0,0,0,0,0,0,0
147,1,0,0.00117194209860004,0.000273112108578461,0,0,0,0,0,0,0,0,0,0,0,0,0,0,0,0,2.11372992642147e-05,9.39432395345902e-05,0,0,0,0,0,0,0,0,0,0,0,0,0,0,0,0,0,0,0,0,0,0,0,0,0,0,0,0,0,0,0,0,0,0,0,0,0,0,0,0,0,0,0,0,0,0,0,0,0,0,0,0,0,0,0,0,0,0,0,0
148,1,0,0.00106646730972603,0.0002485320188064,0,0,0,0,0,0,0,0,0,0,0,0,0,0,0,0,1.92349423304354e-05,8.54883479764771e-05,0,0,0,0,0,0,0,0,0,0,0,0,0,0,0,0,0,0,0,0,0,0,0,0,0,0,0,0,0,0,0,0,0,0,0,0,0,0,0,0,0,0,0,0,0,0,0,0,0,0,0,0,0,0,0,0,0,0,0,0
149,1,0,0.00097048525185069,0.000226164137113824,0,0,0,0,0,0,0,0,0,0,0,0,0,0,0,0,1.75037975206962e-05,7.77943966585942e-05,0,0,0,0,0,0,0,0,0,0,0,0,0,0,0,0,0,0,0,0,0,0,0,0,0,0,0,0,0,0,0,0,0,0,0,0,0,0,0,0,0,0,0,0,0,0,0,0,0,0,0,0,0,0,0,0,0,0,0,0
150,1,0,0.000883141579184128,0.00020580936477358,0,0,0,0,0,0,0,0,0,0,0,0,0,0,0,0,1.59284557438336e-05,7.07929009593207e-05,0,0,0,0,0,0,0,0,0,0,0,0,0,0,0,0,0,0,0,0,0,0,0,0,0,0,0,0,0,0,0,0,0,0,0,0,0,0,0,0,0,0,0,0,0,0,0,0,0,0,0,0,0,0,0,0,0,0,0,0
151,1,0,0.000803658837057556,0.000187286521943958,0,0,0,0,0,0,0,0,0,0,0,0,0,0,0,0,1.44948947268885e-05,6.44215398729818e-05,0,0,0,0,0,0,0,0,0,0,0,0,0,0,0,0,0,0,0,0,0,0,0,0,0,0,0,0,0,0,0,0,0,0,0,0,0,0,0,0,0,0,0,0,0,0,0,0,0,0,0,0,0,0,0,0,0,0,0,0
152,1,0,0.000731329541722376,0.000170430734969001,0,0,0,0,0,0,0,0,0,0,0,0,0,0,0,0,1.31903542014686e-05,5.86236012844135e-05,0,0,0,0,0,0,0,0,0,0,0,0,0,0,0,0,0,0,0,0,0,0,0,0,0,0,0,0,0,0,0,0,0,0,0,0,0,0,0,0,0,0,0,0,0,0,0,0,0,0,0,0,0,0,0,0,0,0,0,0
153,1,0,0.000665509882967362,0.000155091968821791,0,0,0,0,0,0,0,0,0,0,0,0,0,0,0,0,1.20032223233364e-05,5.33474771688163e-05,0,0,0,0,0,0,0,0,0,0,0,0,0,0,0,0,0,0,0,0,0,0,0,0,0,0,0,0,0,0,0,0,0,0,0,0,0,0,0,0,0,0,0,0,0,0,0,0,0,0,0,0,0,0,0,0,0,0,0,0
154,1,0,0.0006056139935003,0.00014113369162783,0,0,0,0,0,0,0,0,0,0,0,0,0,0,0,0,1.09229323142361e-05,4.85462042236228e-05,0,0,0,0,0,0,0,0,0,0,0,0,0,0,0,0,0,0,0,0,0,0,0,0,0,0,0,0,0,0,0,0,0,0,0,0,0,0,0,0,0,0,0,0,0,0,0,0,0,0,0,0,0,0,0,0,0,0,0,0
155,1,0,0.000551108734085273,0.000128431659381325,0,0,0,0,0,0,0,0,0,0,0,0,0,0,0,0,9.93986840595488e-06,4.41770458434968e-05,0,0,0,0,0,0,0,0,0,0,0,0,0,0,0,0,0,0,0,0,0,0,0,0,0,0,0,0,0,0,0,0,0,0,0,0,0,0,0,0,0,0,0,0,0,0,0,0,0,0,0,0,0,0,0,0,0,0,0,0
156,1,0,0.000501508948017598,0.000116872810037006,0,0,0,0,0,0,0,0,0,0,0,0,0,0,0,0,9.04528024941894e-06,4.02011117175821e-05,0,0,0,0,0,0,0,0,0,0,0,0,0,0,0,0,0,0,0,0,0,0,0,0,0,0,0,0,0,0,0,0,0,0,0,0,0,0,0,0,0,0,0,0,0,0,0,0,0,0,0,0,0,0,0,0,0,0,0,0
157,1,0,0.000456373142696014,0.000106354257133676,0,0,0,0,0,0,0,0,0,0,0,0,0,0,0,0,8.23120502697123e-06,3.65830116629997e-05,0,0,0,0,0,0,0,0,0,0,0,0,0,0,0,0,0,0,0,0,0,0,0,0,0,0,0,0,0,0,0,0,0,0,0,0,0,0,0,0,0,0,0,0,0,0,0,0,0,0,0,0,0,0,0,0,0,0,0,0
158,1,0,0.000415299559853373,9.67823739916448e-05,0,0,0,0,0,0,0,0,0,0,0,0,0,0,0,0,7.49039657454382e-06,3.32905406133297e-05,0,0,0,0,0,0,0,0,0,0,0,0,0,0,0,0,0,0,0,0,0,0,0,0,0,0,0,0,0,0,0,0,0,0,0,0,0,0,0,0,0,0,0,0,0,0,0,0,0,0,0,0,0,0,0,0,0,0,0,0
159,1,0,0.00037792259946657,8.80719603323967e-05,0,0,0,0,0,0,0,0,0,0,0,0,0,0,0,0,6.81626088283488e-06,3.029439195813e-05,0,0,0,0,0,0,0,0,0,0,0,0,0,0,0,0,0,0,0,0,0,0,0,0,0,0,0,0,0,0,0,0,0,0,0,0,0,0,0,0,0,0,0,0,0,0,0,0,0,0,0,0,0,0,0,0,0,0,0,0
160,1,0,0.000343909565514578,8.0145483902481e-05,0,0,0,0,0,0,0,0,0,0,0,0,0,0,0,0,6.20279740337974e-06,2.75678966818983e-05,0,0,0,0,0,0,0,0,0,0,0,0,0,0,0,0,0,0,0,0,0,0,0,0,0,0,0,0,0,0,0,0,0,0,0,0,0,0,0,0,0,0,0,0,0,0,0,0,0,0,0,0,0,0,0,0,0,0,0,0
161,1,0,0.000312957704618266,7.29323903512577e-05,0,0,0,0,0,0,0,0,0,0,0,0,0,0,0,0,5.64454563707556e-06,2.50867859805275e-05,0,0,0,0,0,0,0,0,0,0,0,0,0,0,0,0,0,0,0,0,0,0,0,0,0,0,0,0,0,0,0,0,0,0,0,0,0,0,0,0,0,0,0,0,0,0,0,0,0,0,0,0,0,0,0,0,0,0,0,0
162,1,0,0.000284791511202622,6.63684752196445e-05,0,0,0,0,0,0,0,0,0,0,0,0,0,0,0,0,5.13653652973876e-06,2.282897524228e-05,0,0,0,0,0,0,0,0,0,0,0,0,0,0,0,0,0,0,0,0,0,0,0,0,0,0,0,0,0,0,0,0,0,0,0,0,0,0,0,0,0,0,0,0,0,0,0,0,0,0,0,0,0,0,0,0,0,0,0,0
163,1,0,0.000259160275194386,6.03953124498765e-05,0,0,0,0,0,0,0,0,0,0,0,0,0,0,0,0,4.67424824206228e-06,2.07743674704748e-05,0,0,0,0,0,0,0,0,0,0,0,0,0,0,0,0,0,0,0,0,0,0,0,0,0,0,0,0,0,0,0,0,0,0,0,0,0,0,0,0,0,0,0,0,0,0,0,0,0,0,0,0,0,0,0,0,0,0,0,0
164,1,0,0.000235835850426892,5.49597343293876e-05,0,0,0,0,0,0,0,0,0,0,0,0,0,0,0,0,4.25356590027667e-06,1.89046743981321e-05,0,0,0,0,0,0,0,0,0,0,0,0,0,0,0,0,0,0,0,0,0,0,0,0,0,0,0,0,0,0,0,0,0,0,0,0,0,0,0,0,0,0,0,0,0,0,0,0,0,0,0,0,0,0,0,0,0,0,0,0
165,1,0,0.000214610623888471,5.00133582397428e-05,0,0,0,0,0,0,0,0,0,0,0,0,0,0,0,0,3.87074496925177e-06,1.72032537023002e-05,0,0,0,0,0,0,0,0,0,0,0,0,0,0,0,0,0,0,0,0,0,0,0,0,0,0,0,0,0,0,0,0,0,0,0,0,0,0,0,0,0,0,0,0,0,0,0,0,0,0,0,0,0,0,0,0,0,0,0,0
166,1,0,0.000195295667738509,4.55121559981659e-05,0,0,0,0,0,0,0,0,0,0,0,0,0,0,0,0,3.52237792201911e-06,1.56549608690932e-05,0,0,0,0,0,0,0,0,0,0,0,0,0,0,0,0,0,0,0,0,0,0,0,0,0,0,0,0,0,0,0,0,0,0,0,0,0,0,0,0,0,0,0,0,0,0,0,0,0,0,0,0,0,0,0,0,0,0,0,0
167,1,0,0.000177719057642043,4.1416061958331e-05,0,0,0,0,0,0,0,0,0,0,0,0,0,0,0,0,3.20536390903739e-06,1.42460143908748e-05,0,0,0,0,0,0,0,0,0,0,0,0,0,0,0,0,0,0,0,0,0,0,0,0,0,0,0,0,0,0,0,0,0,0,0,0,0,0,0,0,0,0,0,0,0,0,0,0,0,0,0,0,0,0,0,0,0,0,0,0
168,1,0,0.000161724342454259,3.76886163820812e-05,0,0,0,0,0,0,0,0,0,0,0,0,0,0,0,0,2.91688115722403e-06,1.29638730956961e-05,0,0,0,0,0,0,0,0,0,0,0,0,0,0,0,0,0,0,0,0,0,0,0,0,0,0,0,0,0,0,0,0,0,0,0,0,0,0,0,0,0,0,0,0,0,0,0,0,0,0,0,0,0,0,0,0,0,0,0,0
169,1,0,0.000147169151633376,3.42966409076939e-05,0,0,0,0,0,0,0,0,0,0,0,0,0,0,0,0,2.65436185307386e-06,1.17971245170834e-05,0,0,0,0,0,0,0,0,0,0,0,0,0,0,0,0,0,0,0,0,0,0,0,0,0,0,0,0,0,0,0,0,0,0,0,0,0,0,0,0,0,0,0,0,0,0,0,0,0,0,0,0,0,0,0,0,0,0,0,0
170,1,0,0.000133923927986372,3.12099432260014e-05,0,0,0,0,0,0,0,0,0,0,0,0,0,0,0,0,2.41546928629722e-06,1.07353833105459e-05,0,0,0,0,0,0,0,0,0,0,0,0,0,0,0,0,0,0,0,0,0,0,0,0,0,0,0,0,0,0,0,0,0,0,0,0,0,0,0,0,0,0,0,0,0,0,0,0,0,0,0,0,0,0,0,0,0,0,0,0
171,1,0,0.000121870774467599,2.84010483356613e-05,0,0,0,0,0,0,0,0,0,0,0,0,0,0,0,0,2.19807705053047e-06,9.76919881259677e-06,0,0,0,0,0,0,0,0,0,0,0,0,0,0,0,0,0,0,0,0,0,0,0,0,0,0,0,0,0,0,0,0,0,0,0,0,0,0,0,0,0,0,0,0,0,0,0,0,0,0,0,0,0,0,0,0,0,0,0,0
172,1,0,0.000110902404765515,2.58449539854518e-05,0,0,0,0,0,0,0,0,0,0,0,0,0,0,0,0,2.00025011598272e-06,8.88997091946306e-06,0,0,0,0,0,0,0,0,0,0,0,0,0,0,0,0,0,0,0,0,0,0,0,0,0,0,0,0,0,0,0,0,0,0,0,0,0,0,0,0,0,0,0,0,0,0,0,0,0,0,0,0,0,0,0,0,0,0,0,0
173,1,0,0.000100921188336618,2.35189081267611e-05,0,0,0,0,0,0,0,0,0,0,0,0,0,0,0,0,1.82022760554428e-06,8.08987353671139e-06,0,0,0,0,0,0,0,0,0,0,0,0,0,0,0,0,0,0,0,0,0,0,0,0,0,0,0,0,0,0,0,0,0,0,0,0,0,0,0,0,0,0,0,0,0,0,0,0,0,0,0,0,0,0,0,0,0,0,0,0
174,1,0,9.18382813863228e-05,2.14022063953526e-05,0,0,0,0,0,0,0,0,0,0,0,0,0,0,0,0,1.65640712104529e-06,7.36178491840736e-06,0,0,0,0,0,0,0,0,0,0,0,0,0,0,0,0,0,0,0,0,0,0,0,0,0,0,0,0,0,0,0,0,0,0,0,0,0,0,0,0,0,0,0,0,0,0,0,0,0,0,0,0,0,0,0,0,0,0,0,0
175,1,0,8.35728360615537e-05,1.94760078197709e-05,0,0,0,0,0,0,0,0,0,0,0,0,0,0,0,0,1.50733048015122e-06,6.6992242757507e-06,0,0,0,0,0,0,0,0,0,0,0,0,0,0,0,0,0,0,0,0,0,0,0,0,0,0,0,0,0,0,0,0,0,0,0,0,0,0,0,0,0,0,0,0,0,0,0,0,0,0,0,0,0,0,0,0,0,0,0,0
176,1,0,7.60512808160139e-05,1.77231671159915e-05,0,0,0,0,0,0,0,0,0,0,0,0,0,0,0,0,1.37167073693761e-06,6.09629409093314e-06,0,0,0,0,0,0,0,0,0,0,0,0,0,0,0,0,0,0,0,0,0,0,0,0,0,0,0,0,0,0,0,0,0,0,0,0,0,0,0,0,0,0,0,0,0,0,0,0,0,0,0,0,0,0,0,0,0,0,0,0
177,1,0,6.92066655425727e-05,1.61280820755523e-05,0,0,0,0,0,0,0,0,0,0,0,0,0,0,0,0,1.24822037061322e-06,5.54762762274916e-06,0,0,0,0,0,0,0,0,0,0,0,0,0,0,0,0,0,0,0,0,0,0,0,0,0,0,0,0,0,0,0,0,0,0,0,0,0,0,0,0,0,0,0,0,0,0,0,0,0,0,0,0,0,0,0,0,0,0,0,0
178,1,0,6.29780656437411e-05,1.46765546887526e-05,0,0,0,0,0,0,0,0,0,0,0,0,0,0,0,0,1.13588053725803e-06,5.04834113670173e-06,0,0,0,0,0,0,0,0,0,0,0,0,0,0,0,0,0,0,0,0,0,0,0,0,0,0,0,0,0,0,0,0,0,0,0,0,0,0,0,0,0,0,0,0,0,0,0,0,0,0,0,0,0,0,0,0,0,0,0,0
179,1,0,5.73100397358044e-05,1.33556647667648e-05,0,0,0,0,0,0,0,0,0,0,0,0,0,0,0,0,1.03365128890481e-06,4.59399043439858e-06,0,0,0,0,0,0,0,0,0,0,0,0,0,0,0,0,0,0,0,0,0,0,0,0,0,0,0,0,0,0,0,0,0,0,0,0,0,0,0,0,0,0,0,0,0,0,0,0,0,0,0,0,0,0,0,0,0,0,0,0
180,1,0,5.2152136159582e-05,1.2153654937756e-05,0,0,0,0,0,0,0,0,0,0,0,0,0,0,0,0,9.40622672903378e-07,4.1805312953027e-06,0,0,0,0,0,0,0,0,0,0,0,0,0,0,0,0,0,0,0,0,0,0,0,0,0,0,0,0,0,0,0,0,0,0,0,0,0,0,0,0,0,0,0,0,0,0,0,0,0,0,0,0,0,0,0,0,0,0,0,0
181,1,0,4.74584439052197e-05,1.1059825993358e-05,0,0,0,0,0,0,0,0,0,0,0,0,0,0,0,0,8.55966632342074e-07,3.80428347872546e-06,0,0,0,0,0,0,0,0,0,0,0,0,0,0,0,0,0,0,0,0,0,0,0,0,0,0,0,0,0,0,0,0,0,0,0,0,0,0,0,0,0,0,0,0,0,0,0,0,0,0,0,0,0,0,0,0,0,0,0,0
182,1,0,4.31871839537499e-05,1.00644416539557e-05,0,0,0,0,0,0,0,0,0,0,0,0,0,0,0,0,7.78929635431287e-07,3.46189796564017e-06,0,0,0,0,0,0,0,0,0,0,0,0,0,0,0,0,0,0,0,0,0,0,0,0,0,0,0,0,0,0,0,0,0,0,0,0,0,0,0,0,0,0,0,0,0,0,0,0,0,0,0,0,0,0,0,0,0,0,0,0
183,1,0,3.93003373979124e-05,9.15864190509973e-06,0,0,0,0,0,0,0,0,0,0,0,0,0,0,0,0,7.08825968242471e-07,3.15032714873255e-06,0,0,0,0,0,0,0,0,0,0,0,0,0,0,0,0,0,0,0,0,0,0,0,0,0,0,0,0,0,0,0,0,0,0,0,0,0,0,0,0,0,0,0,0,0,0,0,0,0,0,0,0,0,0,0,0,0,0,0,0
184,1,0,3.57633070321003e-05,8.33436413364075e-06,0,0,0,0,0,0,0,0,0,0,0,0,0,0,0,0,6.45031631100649e-07,2.86679770534662e-06,0,0,0,0,0,0,0,0,0,0,0,0,0,0,0,0,0,0,0,0,0,0,0,0,0,0,0,0,0,0,0,0,0,0,0,0,0,0,0,0,0,0,0,0,0,0,0,0,0,0,0,0,0,0,0,0,0,0,0,0
185,1,0,3.25446093992113e-05,7.58427136161309e-06,0,0,0,0,0,0,0,0,0,0,0,0,0,0,0,0,5.86978784301591e-07,2.60878591186543e-06,0,0,0,0,0,0,0,0,0,0,0,0,0,0,0,0,0,0,0,0,0,0,0,0,0,0,0,0,0,0,0,0,0,0,0,0,0,0,0,0,0,0,0,0,0,0,0,0,0,0,0,0,0,0,0,0,0,0,0,0
186,1,0,2.96155945532822e-05,6.90168693906791e-06,0,0,0,0,0,0,0,0,0,0,0,0,0,0,0,0,5.34150693714447e-07,2.37399517979754e-06,0,0,0,0,0,0,0,0,0,0,0,0,0,0,0,0,0,0,0,0,0,0,0,0,0,0,0,0,0,0,0,0,0,0,0,0,0,0,0,0,0,0,0,0,0,0,0,0,0,0,0,0,0,0,0,0,0,0,0,0
187,1,0,2.69501910434868e-05,6.2805351145518e-06,0,0,0,0,0,0,0,0,0,0,0,0,0,0,0,0,4.86077131280147e-07,2.16033561361576e-06,0,0,0,0,0,0,0,0,0,0,0,0,0,0,0,0,0,0,0,0,0,0,0,0,0,0,0,0,0,0,0,0,0,0,0,0,0,0,0,0,0,0,0,0,0,0,0,0,0,0,0,0,0,0,0,0,0,0,0,0
188,1,0,2.4524673849573e-05,5.71528695424214e-06,0,0,0,0,0,0,0,0,0,0,0,0,0,0,0,0,4.42330189464934e-07,1.96590540839034e-06,0,0,0,0,0,0,0,0,0,0,0,0,0,0,0,0,0,0,0,0,0,0,0,0,0,0,0,0,0,0,0,0,0,0,0,0,0,0,0,0,0,0,0,0,0,0,0,0,0,0,0,0,0,0,0,0,0,0,0,0
189,1,0,2.23174532031115e-05,5.20091112836034e-06,0,0,0,0,0,0,0,0,0,0,0,0,0,0,0,0,4.0252047241309e-07,1.78897392163521e-06,0,0,0,0,0,0,0,0,0,0,0,0,0,0,0,0,0,0,0,0,0,0,0,0,0,0,0,0,0,0,0,0,0,0,0,0,0,0,0,0,0,0,0,0,0,0,0,0,0,0,0,0,0,0,0,0,0,0,0,0
190,1,0,2.03088824148314e-05,4.73282912680791e-06,0,0,0,0,0,0,0,0,0,0,0,0,0,0,0,0,3.66293629895912e-07,1.62796626868804e-06,0,0,0,0,0,0,0,0,0,0,0,0,0,0,0,0,0,0,0,0,0,0,0,0,0,0,0,0,0,0,0,0,0,0,0,0,0,0,0,0,0,0,0,0,0,0,0,0,0,0,0,0,0,0,0,0,0,0,0,0
191,1,0,1.84810829974966e-05,4.3068745053952e-06,0,0,0,0,0,0,0,0,0,0,0,0,0,0,0,0,3.3332720320528e-07,1.48144930450612e-06,0,0,0,0,0,0,0,0,0,0,0,0,0,0,0,0,0,0,0,0,0,0,0,0,0,0,0,0,0,0,0,0,0,0,0,0,0,0,0,0,0,0,0,0,0,0,0,0,0,0,0,0,0,0,0,0,0,0,0,0
192,1,0,1.68177855277219e-05,3.91925579990963e-06,0,0,0,0,0,0,0,0,0,0,0,0,0,0,0,0,3.03327754916805e-07,1.34811886710057e-06,0,0,0,0,0,0,0,0,0,0,0,0,0,0,0,0,0,0,0,0,0,0,0,0,0,0,0,0,0,0,0,0,0,0,0,0,0,0,0,0,0,0,0,0,0,0,0,0,0,0,0,0,0,0,0,0,0,0,0,0
193,1,0,1.53041848302269e-05,3.56652277791777e-06,0,0,0,0,0,0,0,0,0,0,0,0,0,0,0,0,2.76028256974292e-07,1.22678816906152e-06,0,0,0,0,0,0,0,0,0,0,0,0,0,0,0,0,0,0,0,0,0,0,0,0,0,0,0,0,0,0,0,0,0,0,0,0,0,0,0,0,0,0,0,0,0,0,0,0,0,0,0,0,0,0,0,0,0,0,0,0
194,1,0,1.39268081955065e-05,3.24553572790517e-06,0,0,0,0,0,0,0,0,0,0,0,0,0,0,0,0,2.51185713846606e-07,1.11637723384598e-06,0,0,0,0,0,0,0,0,0,0,0,0,0,0,0,0,0,0,0,0,0,0,0,0,0,0,0,0,0,0,0,0,0,0,0,0,0,0,0,0,0,0,0,0,0,0,0,0,0,0,0,0,0,0,0,0,0,0,0,0
195,1,0,1.26733954579109e-05,2.9534375123937e-06,0,0,0,0,0,0,0,0,0,0,0,0,0,0,0,0,2.28578999600411e-07,1.01590328279984e-06,0,0,0,0,0,0,0,0,0,0,0,0,0,0,0,0,0,0,0,0,0,0,0,0,0,0,0,0,0,0,0,0,0,0,0,0,0,0,0,0,0,0,0,0,0,0,0,0,0,0,0,0,0,0,0,0,0,0,0,0
196,1,0,1.15327898666989e-05,2.68762813627827e-06,0,0,0,0,0,0,0,0,0,0,0,0,0,0,0,0,2.08006889636374e-07,9.24471987347857e-07,0,0,0,0,0,0,0,0,0,0,0,0,0,0,0,0,0,0,0,0,0,0,0,0,0,0,0,0,0,0,0,0,0,0,0,0,0,0,0,0,0,0,0,0,0,0,0,0,0,0,0,0,0,0,0,0,0,0,0,0
197,1,0,1.0494838778696e-05,2.44574160401323e-06,0,0,0,0,0,0,0,0,0,0,0,0,0,0,0,0,1.89286269569101e-07,8.4126950848655e-07,0,0,0,0,0,0,0,0,0,0,0,0,0,0,0,0,0,0,0,0,0,0,0,0,0,0,0,0,0,0,0,0,0,0,0,0,0,0,0,0,0,0,0,0,0,0,0,0,0,0,0,0,0,0,0,0,0,0,0,0
198,1,0,9.55030328861339e-06,2.22562485965203e-06,0,0,0,0,0,0,0,0,0,0,0,0,0,0,0,0,1.72250505307882e-07,7.6555525272276e-07,0,0,0,0,0,0,0,0,0,0,0,0,0,0,0,0,0,0,0,0,0,0,0,0,0,0,0,0,0,0,0,0,0,0,0,0,0,0,0,0,0,0,0,0,0,0,0,0,0,0,0,0,0,0,0,0,0,0,0,0
199,1,0,8.69077599263819e-06,2.02531862228335e-06,0,0,0,0,0,0,0,0,0,0,0,0,0,0,0,0,1.56747959830172e-07,6.96655279977712e-07,0,0,0,0,0,0,0,0,0,0,0,0,0,0,0,0,0,0,0,0,0,0,0,0,0,0,0,0,0,0,0,0,0,0,0,0,0,0,0,0,0,0,0,0,0,0,0,0,0,0,0,0,0,0,0,0,0,0,0,0
200,1,0,7.90860615330075e-06,1.84303994627785e-06,0,0,0,0,0,0,0,0,0,0,0,0,0,0,0,0,1.42640643445457e-07,6.33956304779718e-07,0,0,0,0,0,0,0,0,0,0,0,0,0,0,0,0,0,0,0,0,0,0,0,0,0,0,0,0,0,0,0,0,0,0,0,0,0,0,0,0,0,0,0,0,0,0,0,0,0,0,0,0,0,0,0,0,0,0,0,0
201,1,0,7.19683159950368e-06,1.67716635111284e-06,0,0,0,0,0,0,0,0,0,0,0,0,0,0,0,0,1.29802985535366e-07,5.76900237349543e-07,0,0,0,0,0,0,0,0,0,0,0,0,0,0,0,0,0,0,0,0,0,0,0,0,0,0,0,0,0,0,0,0,0,0,0,0,0,0,0,0,0,0,0,0,0,0,0,0,0,0,0,0,0,0,0,0,0,0,0,0
202,1,0,6.54911675554835e-06,1.52622137951269e-06,0,0,0,0,0,0,0,0,0,0,0,0,0,0,0,0,1.18120716837183e-07,5.24979215988084e-07,0,0,0,0,0,0,0,0,0,0,0,0,0,0,0,0,0,0,0,0,0,0,0,0,0,0,0,0,0,0,0,0,0,0,0,0,0,0,0,0,0,0,0,0,0,0,0,0,0,0,0,0,0,0,0,0,0,0,0,0
203,1,0,5.959696247549e-06,1.38886145535655e-06,0,0,0,0,0,0,0,0,0,0,0,0,0,0,0,0,1.07489852321836e-07,4.77731086549157e-07,0,0,0,0,0,0,0,0,0,0,0,0,0,0,0,0,0,0,0,0,0,0,0,0,0,0,0,0,0,0,0,0,0,0,0,0,0,0,0,0,0,0,0,0,0,0,0,0,0,0,0,0,0,0,0,0,0,0,0,0
204,1,0,5.42332358526959e-06,1.26386392437446e-06,0,0,0,0,0,0,0,0,0,0,0,0,0,0,0,0,9.7815765612871e-08,4.34735288759733e-07,0,0,0,0,0,0,0,0,0,0,0,0,0,0,0,0,0,0,0,0,0,0,0,0,0,0,0,0,0,0,0,0,0,0,0,0,0,0,0,0,0,0,0,0,0,0,0,0,0,0,0,0,0,0,0,0,0,0,0,0
205,1,0,4.93522446259533e-06,1.15011617118076e-06,0,0,0,0,0,0,0,0,0,0,0,0,0,0,0,0,8.90123467077127e-08,3.95609112771357e-07,0,0,0,0,0,0,0,0,0,0,0,0,0,0,0,0,0,0,0,0,0,0,0,0,0,0,0,0,0,0,0,0,0,0,0,0,0,0,0,0,0,0,0,0,0,0,0,0,0,0,0,0,0,0,0,0,0,0,0,0
206,1,0,4.49105426096175e-06,1.04660571577449e-06,0,0,0,0,0,0,0,0,0,0,0,0,0,0,0,0,8.10012355040185e-08,3.60004292621935e-07,0,0,0,0,0,0,0,0,0,0,0,0,0,0,0,0,0,0,0,0,0,0,0,0,0,0,0,0,0,0,0,0,0,0,0,0,0,0,0,0,0,0,0,0,0,0,0,0,0,0,0,0,0,0,0,0,0,0,0,0
207,1,0,4.08685937747519e-06,9.52411201354784e-07,0,0,0,0,0,0,0,0,0,0,0,0,0,0,0,0,7.37111243086569e-08,3.27603906285961e-07,0,0,0,0,0,0,0,0,0,0,0,0,0,0,0,0,0,0,0,0,0,0,0,0,0,0,0,0,0,0,0,0,0,0,0,0,0,0,0,0,0,0,0,0,0,0,0,0,0,0,0,0,0,0,0,0,0,0,0,0
208,1,0,3.71904203350242e-06,8.66694193232853e-07,0,0,0,0,0,0,0,0,0,0,0,0,0,0,0,0,6.70771231208777e-08,2.98119554720224e-07,0,0,0,0,0,0,0,0,0,0,0,0,0,0,0,0,0,0,0,0,0,0,0,0,0,0,0,0,0,0,0,0,0,0,0,0,0,0,0,0,0,0,0,0,0,0,0,0,0,0,0,0,0,0,0,0,0,0,0,0
209,1,0,3.38432825048721e-06,7.88691715841897e-07,0,0,0,0,0,0,0,0,0,0,0,0,0,0,0,0,6.10401820399987e-08,2.71288794795404e-07,0,0,0,0,0,0,0,0,0,0,0,0,0,0,0,0,0,0,0,0,0,0,0,0,0,0,0,0,0,0,0,0,0,0,0,0,0,0,0,0,0,0,0,0,0,0,0,0,0,0,0,0,0,0,0,0,0,0,0,0
210,1,0,3.07973870794336e-06,7.17709461416126e-07,0,0,0,0,0,0,0,0,0,0,0,0,0,0,0,0,5.55465656563989e-08,2.46872803263818e-07,0,0,0,0,0,0,0,0,0,0,0,0,0,0,0,0,0,0,0,0,0,0,0,0,0,0,0,0,0,0,0,0,0,0,0,0,0,0,0,0,0,0,0,0,0,0,0,0,0,0,0,0,0,0,0,0,0,0,0,0
211,1,0,2.80256222422845e-06,6.53115609888674e-07,0,0,0,0,0,0,0,0,0,0,0,0,0,0,0,0,5.0547374747323e-08,2.24654250970074e-07,0,0,0,0,0,0,0,0,0,0,0,0,0,0,0,0,0,0,0,0,0,0,0,0,0,0,0,0,0,0,0,0,0,0,0,0,0,0,0,0,0,0,0,0,0,0,0,0,0,0,0,0,0,0,0,0,0,0,0,0
212,1,0,2.55033162404789e-06,5.94335204998694e-07,0,0,0,0,0,0,0,0,0,0,0,0,0,0,0,0,4.59981110200639e-08,2.04435368382767e-07,0,0,0,0,0,0,0,0,0,0,0,0,0,0,0,0,0,0,0,0,0,0,0,0,0,0,0,0,0,0,0,0,0,0,0,0,0,0,0,0,0,0,0,0,0,0,0,0,0,0,0,0,0,0,0,0,0,0,0,0
213,1,0,2.32080177788358e-06,5.40845036548811e-07,0,0,0,0,0,0,0,0,0,0,0,0,0,0,0,0,4.18582810282581e-08,1.86036185228318e-07,0,0,0,0,0,0,0,0,0,0,0,0,0,0,0,0,0,0,0,0,0,0,0,0,0,0,0,0,0,0,0,0,0,0,0,0,0,0,0,0,0,0,0,0,0,0,0,0,0,0,0,0,0,0,0,0,0,0,0,0
214,1,0,2.11192961787406e-06,4.92168983259418e-07,0,0,0,0,0,0,0,0,0,0,0,0,0,0,0,0,3.80910357357149e-08,1.6929292855777e-07,0,0,0,0,0,0,0,0,0,0,0,0,0,0,0,0,0,0,0,0,0,0,0,0,0,0,0,0,0,0,0,0,0,0,0,0,0,0,0,0,0,0,0,0,0,0,0,0,0,0,0,0,0,0,0,0,0,0,0,0
215,1,0,1.9218559522654e-06,4.47873774766071e-07,0,0,0,0,0,0,0,0,0,0,0,0,0,0,0,0,3.46628425195006e-08,1.5405656498757e-07,0,0,0,0,0,0,0,0,0,0,0,0,0,0,0,0,0,0,0,0,0,0,0,0,0,0,0,0,0,0,0,0,0,0,0,0,0,0,0,0,0,0,0,0,0,0,0,0,0,0,0,0,0,0,0,0,0,0,0,0
216,1,0,1.74888891656151e-06,4.07565135037124e-07,0,0,0,0,0,0,0,0,0,0,0,0,0,0,0,0,3.15431866927455e-08,1.40191474138689e-07,0,0,0,0,0,0,0,0,0,0,0,0,0,0,0,0,0,0,0,0,0,0,0,0,0,0,0,0,0,0,0,0,0,0,0,0,0,0,0,0,0,0,0,0,0,0,0,0,0,0,0,0,0,0,0,0,0,0,0,0
217,1,0,1.59148891407097e-06,3.70884272883783e-07,0,0,0,0,0,0,0,0,0,0,0,0,0,0,0,0,2.87042998903984e-08,1.27574241466207e-07,0,0,0,0,0,0,0,0,0,0,0,0,0,0,0,0,0,0,0,0,0,0,0,0,0,0,0,0,0,0,0,0,0,0,0,0,0,0,0,0,0,0,0,0,0,0,0,0,0,0,0,0,0,0,0,0,0,0,0,0
218,1,0,1.44825491180459e-06,3.37504688324243e-07,0,0,0,0,0,0,0,0,0,0,0,0,0,0,0,0,2.61209129002626e-08,1.16092559734248e-07,0,0,0,0,0,0,0,0,0,0,0,0,0,0,0,0,0,0,0,0,0,0,0,0,0,0,0,0,0,0,0,0,0,0,0,0,0,0,0,0,0,0,0,0,0,0,0,0,0,0,0,0,0,0,0,0,0,0,0,0
219,1,0,1.31791196974217e-06,3.07129266375061e-07,0,0,0,0,0,0,0,0,0,0,0,0,0,0,0,0,2.37700307392389e-08,1.05644229358166e-07,0,0,0,0,0,0,0,0,0,0,0,0,0,0,0,0,0,0,0,0,0,0,0,0,0,0,0,0,0,0,0,0,0,0,0,0,0,0,0,0,0,0,0,0,0,0,0,0,0,0,0,0,0,0,0,0,0,0,0,0
220,1,0,1.19929989246538e-06,2.79487632401305e-07,0,0,0,0,0,0,0,0,0,0,0,0,0,0,0,0,2.16307279727074e-08,9.61362487159311e-08,0,0,0,0,0,0,0,0,0,0,0,0,0,0,0,0,0,0,0,0,0,0,0,0,0,0,0,0,0,0,0,0,0,0,0,0,0,0,0,0,0,0,0,0,0,0,0,0,0,0,0,0,0,0,0,0,0,0,0,0
221,1,0,1.09136290214349e-06,2.54333745485188e-07,0,0,0,0,0,0,0,0,0,0,0,0,0,0,0,0,1.96839624551638e-08,8.74839863314973e-08,0,0,0,0,0,0,0,0,0,0,0,0,0,0,0,0,0,0,0,0,0,0,0,0,0,0,0,0,0,0,0,0,0,0,0,0,0,0,0,0,0,0,0,0,0,0,0,0,0,0,0,0,0,0,0,0,0,0,0,0
222,1,0,9.9314024095058e-07,2.31443708391521e-07,0,0,0,0,0,0,0,0,0,0,0,0,0,0,0,0,1.7912405834199e-08,7.96104275616626e-08,0,0,0,0,0,0,0,0,0,0,0,0,0,0,0,0,0,0,0,0,0,0,0,0,0,0,0,0,0,0,0,0,0,0,0,0,0,0,0,0,0,0,0,0,0,0,0,0,0,0,0,0,0,0,0,0,0,0,0,0
223,1,0,9.03757619265028e-07,2.10613774636284e-07,0,0,0,0,0,0,0,0,0,0,0,0,0,0,0,0,1.63002893091211e-08,7.24454890811129e-08,0,0,0,0,0,0,0,0,0,0,0,0,0,0,0,0,0,0,0,0,0,0,0,0,0,0,0,0,0,0,0,0,0,0,0,0,0,0,0,0,0,0,0,0,0,0,0,0,0,0,0,0,0,0,0,0,0,0,0,0
224,1,0,8.22419433531175e-07,1.91658534919019e-07,0,0,0,0,0,0,0,0,0,0,0,0,0,0,0,0,1.48332632713002e-08,6.59253950638128e-08,0,0,0,0,0,0,0,0,0,0,0,0,0,0,0,0,0,0,0,0,0,0,0,0,0,0,0,0,0,0,0,0,0,0,0,0,0,0,0,0,0,0,0,0,0,0,0,0,0,0,0,0,0,0,0,0,0,0,0,0
225,1,0,7.48401684513369e-07,1.74409266776307e-07,0,0,0,0,0,0,0,0,0,0,0,0,0,0,0,0,1.34982695768832e-08,5.99921095080696e-08,0,0,0,0,0,0,0,0,0,0,0,0,0,0,0,0,0,0,0,0,0,0,0,0,0,0,0,0,0,0,0,0,0,0,0,0,0,0,0,0,0,0,0,0,0,0,0,0,0,0,0,0,0,0,0,0,0,0,0,0
226,1,0,6.81045532907166e-07,1.58712432766439e-07,0,0,0,0,0,0,0,0,0,0,0,0,0,0,0,0,1.22834253149637e-08,5.45928196523434e-08,0,0,0,0,0,0,0,0,0,0,0,0,0,0,0,0,0,0,0,0,0,0,0,0,0,0,0,0,0,0,0,0,0,0,0,0,0,0,0,0,0,0,0,0,0,0,0,0,0,0,0,0,0,0,0,0,0,0,0,0
227,1,0,6.19751434945521e-07,1.4442831381746e-07,0,0,0,0,0,0,0,0,0,0,0,0,0,0,0,0,1.1177917036617e-08,4.96794658836325e-08,0,0,0,0,0,0,0,0,0,0,0,0,0,0,0,0,0,0,0,0,0,0,0,0,0,0,0,0,0,0,0,0,0,0,0,0,0,0,0,0,0,0,0,0,0,0,0,0,0,0,0,0,0,0,0,0,0,0,0,0
228,1,0,5.63973805800424e-07,1.31429765573888e-07,0,0,0,0,0,0,0,0,0,0,0,0,0,0,0,0,1.01719045033214e-08,4.52083139541055e-08,0,0,0,0,0,0,0,0,0,0,0,0,0,0,0,0,0,0,0,0,0,0,0,0,0,0,0,0,0,0,0,0,0,0,0,0,0,0,0,0,0,0,0,0,0,0,0,0,0,0,0,0,0,0,0,0,0,0,0,0
229,1,0,5.13216163278386e-07,1.19601086672238e-07,0,0,0,0,0,0,0,0,0,0,0,0,0,0,0,0,9.25643309802252e-09,4.1139565698236e-08,0,0,0,0,0,0,0,0,0,0,0,0,0,0,0,0,0,0,0,0,0,0,0,0,0,0,0,0,0,0,0,0,0,0,0,0,0,0,0,0,0,0,0,0,0,0,0,0,0,0,0,0,0,0,0,0,0,0,0,0
230,1,0,4.67026708583332e-07,1.08836988871737e-07,0,0,0,0,0,0,0,0,0,0,0,0,0,0,0,0,8.42335411920049e-09,3.74370047853948e-08,0,0,0,0,0,0,0,0,0,0,0,0,0,0,0,0,0,0,0,0,0,0,0,0,0,0,0,0,0,0,0,0,0,0,0,0,0,0,0,0,0,0,0,0,0,0,0,0,0,0,0,0,0,0,0,0,0,0,0,0
231,1,0,4.24994304810832e-07,9.90416598732806e-08,0,0,0,0,0,0,0,0,0,0,0,0,0,0,0,0,7.66525224847245e-09,3.40676743547093e-08,0,0,0,0,0,0,0,0,0,0,0,0,0,0,0,0,0,0,0,0,0,0,0,0,0,0,0,0,0,0,0,0,0,0,0,0,0,0,0,0,0,0,0,0,0,0,0,0,0,0,0,0,0,0,0,0,0,0,0,0
232,1,0,3.86744817377857e-07,9.01279104846854e-08,0,0,0,0,0,0,0,0,0,0,0,0,0,0,0,0,6.97537954610993e-09,3.10015836627854e-08,0,0,0,0,0,0,0,0,0,0,0,0,0,0,0,0,0,0,0,0,0,0,0,0,0,0,0,0,0,0,0,0,0,0,0,0,0,0,0,0,0,0,0,0,0,0,0,0,0,0,0,0,0,0,0,0,0,0,0,0
233,1,0,3.5193778381385e-07,8.20163985410637e-08,0,0,0,0,0,0,0,0,0,0,0,0,0,0,0,0,6.34759538696003e-09,2.82114411331348e-08,0,0,0,0,0,0,0,0,0,0,0,0,0,0,0,0,0,0,0,0,0,0,0,0,0,0,0,0,0,0,0,0,0,0,0,0,0,0,0,0,0,0,0,0,0,0,0,0,0,0,0,0,0,0,0,0,0,0,0,0
234,1,0,3.20263383270603e-07,7.4634922672368e-08,0,0,0,0,0,0,0,0,0,0,0,0,0,0,0,0,5.77631180213363e-09,2.56724114311526e-08,0,0,0,0,0,0,0,0,0,0,0,0,0,0,0,0,0,0,0,0,0,0,0,0,0,0,0,0,0,0,0,0,0,0,0,0,0,0,0,0,0,0,0,0,0,0,0,0,0,0,0,0,0,0,0,0,0,0,0,0
235,1,0,2.91439678776249e-07,6.79177796318549e-08,0,0,0,0,0,0,0,0,0,0,0,0,0,0,0,0,5.2564437399416e-09,2.33618944023489e-08,0,0,0,0,0,0,0,0,0,0,0,0,0,0,0,0,0,0,0,0,0,0,0,0,0,0,0,0,0,0,0,0,0,0,0,0,0,0,0,0,0,0,0,0,0,0,0,0,0,0,0,0,0,0,0,0,0,0,0,0
236,1,0,2.65210107686387e-07,6.18051794649879e-08,0,0,0,0,0,0,0,0,0,0,0,0,0,0,0,0,4.78336380334686e-09,2.12593239061375e-08,0,0,0,0,0,0,0,0,0,0,0,0,0,0,0,0,0,0,0,0,0,0,0,0,0,0,0,0,0,0,0,0,0,0,0,0,0,0,0,0,0,0,0,0,0,0,0,0,0,0,0,0,0,0,0,0,0,0,0,0
237,1,0,2.41341197994612e-07,5.6242713313139e-08,0,0,0,0,0,0,0,0,0,0,0,0,0,0,0,0,4.35286106104564e-09,1.93459847545851e-08,0,0,0,0,0,0,0,0,0,0,0,0,0,0,0,0,0,0,0,0,0,0,0,0,0,0,0,0,0,0,0,0,0,0,0,0,0,0,0,0,0,0,0,0,0,0,0,0,0,0,0,0,0,0,0,0,0,0,0,0
238,1,0,2.19620490175097e-07,5.11808691149565e-08,0,0,0,0,0,0,0,0,0,0,0,0,0,0,0,0,3.96110356555153e-09,1.76048461266725e-08,0,0,0,0,0,0,0,0,0,0,0,0,0,0,0,0,0,0,0,0,0,0,0,0,0,0,0,0,0,0,0,0,0,0,0,0,0,0,0,0,0,0,0,0,0,0,0,0,0,0,0,0,0,0,0,0,0,0,0,0
239,1,0,1.99854646059338e-07,4.65745908946104e-08,0,0,0,0,0,0,0,0,0,0,0,0,0,0,0,0,3.6046042446519e-09,1.60204099752719e-08,0,0,0,0,0,0,0,0,0,0,0,0,0,0,0,0,0,0,0,0,0,0,0,0,0,0,0,0,0,0,0,0,0,0,0,0,0,0,0,0,0,0,0,0,0,0,0,0,0,0,0,0,0,0,0,0,0,0,0,0
240,1,0,1.81867727913998e-07,4.23828777140955e-08,0,0,0,0,0,0,0,0,0,0,0,0,0,0,0,0,3.28018986263323e-09,1.45785730774975e-08,0,0,0,0,0,0,0,0,0,0,0,0,0,0,0,0,0,0,0,0,0,0,0,0,0,0,0,0,0,0,0,0,0,0,0,0,0,0,0,0,0,0,0,0,0,0,0,0,0,0,0,0,0,0,0,0,0,0,0,0
241,1,0,1.65499632401738e-07,3.85684187198269e-08,0,0,0,0,0,0,0,0,0,0,0,0,0,0,0,0,2.98497277499624e-09,1.32665015005227e-08,0,0,0,0,0,0,0,0,0,0,0,0,0,0,0,0,0,0,0,0,0,0,0,0,0,0,0,0,0,0,0,0,0,0,0,0,0,0,0,0,0,0,0,0,0,0,0,0,0,0,0,0,0,0,0,0,0,0,0,0
242,1,0,1.50604665485581e-07,3.50972610350425e-08,0,0,0,0,0,0,0,0,0,0,0,0,0,0,0,0,2.71632522524657e-09,1.20725163654756e-08,0,0,0,0,0,0,0,0,0,0,0,0,0,0,0,0,0,0,0,0,0,0,0,0,0,0,0,0,0,0,0,0,0,0,0,0,0,0,0,0,0,0,0,0,0,0,0,0,0,0,0,0,0,0,0,0,0,0,0,0
243,1,0,1.37050245591879e-07,3.19385075418887e-08,0,0,0,0,0,0,0,0,0,0,0,0,0,0,0,0,2.47185595497438e-09,1.09859898925828e-08,0,0,0,0,0,0,0,0,0,0,0,0,0,0,0,0,0,0,0,0,0,0,0,0,0,0,0,0,0,0,0,0,0,0,0,0,0,0,0,0,0,0,0,0,0,0,0,0,0,0,0,0,0,0,0,0,0,0,0,0
244,1,0,1.2471572348861e-07,2.90640418631187e-08,0,0,0,0,0,0,0,0,0,0,0,0,0,0,0,0,2.24938891902669e-09,9.99725080225039e-09,0,0,0,0,0,0,0,0,0,0,0,0,0,0,0,0,0,0,0,0,0,0,0,0,0,0,0,0,0,0,0,0,0,0,0,0,0,0,0,0,0,0,0,0,0,0,0,0,0,0,0,0,0,0,0,0,0,0,0,0
245,1,0,1.13491308374635e-07,2.6448278095438e-08,0,0,0,0,0,0,0,0,0,0,0,0,0,0,0,0,2.04694391631429e-09,9.09749823004785e-09,0,0,0,0,0,0,0,0,0,0,0,0,0,0,0,0,0,0,0,0,0,0,0,0,0,0,0,0,0,0,0,0,0,0,0,0,0,0,0,0,0,0,0,0,0,0,0,0,0,0,0,0,0,0,0,0,0,0,0,0
246,1,0,1.03277090620918e-07,2.40679330668486e-08,0,0,0,0,0,0,0,0,0,0,0,0,0,0,0,0,1.862718963846e-09,8.27872338934355e-09,0,0,0,0,0,0,0,0,0,0,0,0,0,0,0,0,0,0,0,0,0,0,0,0,0,0,0,0,0,0,0,0,0,0,0,0,0,0,0,0,0,0,0,0,0,0,0,0,0,0,0,0,0,0,0,0,0,0,0,0
247,1,0,9.39821524650354e-08,2.19018190908322e-08,0,0,0,0,0,0,0,0,0,0,0,0,0,0,0,0,1.69507425709986e-09,7.53363828430263e-09,0,0,0,0,0,0,0,0,0,0,0,0,0,0,0,0,0,0,0,0,0,0,0,0,0,0,0,0,0,0,0,0,0,0,0,0,0,0,0,0,0,0,0,0,0,0,0,0,0,0,0,0,0,0,0,0,0,0,0,0
248,1,0,8.55237587431822e-08,1.99306553726573e-08,0,0,0,0,0,0,0,0,0,0,0,0,0,0,0,0,1.54251757396087e-09,6.85561083871539e-09,0,0,0,0,0,0,0,0,0,0,0,0,0,0,0,0,0,0,0,0,0,0,0,0,0,0,0,0,0,0,0,0,0,0,0,0,0,0,0,0,0,0,0,0,0,0,0,0,0,0,0,0,0,0,0,0,0,0,0,0
249,1,0,7.78266204562958e-08,1.81368963891181e-08,0,0,0,0,0,0,0,0,0,0,0,0,0,0,0,0,1.40369099230439e-09,6.23860586323101e-09,0,0,0,0,0,0,0,0,0,0,0,0,0,0,0,0,0,0,0,0,0,0,0,0,0,0,0,0,0,0,0,0,0,0,0,0,0,0,0,0,0,0,0,0,0,0,0,0,0,0,0,0,0,0,0,0,0,0,0,0
250,1,0,7.08222246152292e-08,1.65045757140975e-08,0,0,0,0,0,0,0,0,0,0,0,0,0,0,0,0,1.277358802997e-09,5.67713133554022e-09,0,0,0,0,0,0,0,0,0,0,0,0,0,0,0,0,0,0,0,0,0,0,0,0,0,0,0,0,0,0,0,0,0,0,0,0,0,0,0,0,0,0,0,0,0,0,0,0,0,0,0,0,0,0,0,0,0,0,0,0
251,1,0,6.44482243998585e-08,1.50191638998287e-08,0,0,0,0,0,0,0,0,0,0,0,0,0,0,0,0,1.16239651072727e-09,5.1661895153416e-09,0,0,0,0,0,0,0,0,0,0,0,0,0,0,0,0,0,0,0,0,0,0,0,0,0,0,0,0,0,0,0,0,0,0,0,0,0,0,0,0,0,0,0,0,0,0,0,0,0,0,0,0,0,0,0,0,0,0,0,0
252,1,0,5.86478842038713e-08,1.36674391488442e-08,0,0,0,0,0,0,0,0,0,0,0,0,0,0,0,0,1.05778082476182e-09,4.70123245896085e-09,0,0,0,0,0,0,0,0,0,0,0,0,0,0,0,0,0,0,0,0,0,0,0,0,0,0,0,0,0,0,0,0,0,0,0,0,0,0,0,0,0,0,0,0,0,0,0,0,0,0,0,0,0,0,0,0,0,0,0,0
253,1,0,5.33695746255229e-08,1.24373696254482e-08,0,0,0,0,0,0,0,0,0,0,0,0,0,0,0,0,9.62580550533252e-10,4.27812153765438e-09,0,0,0,0,0,0,0,0,0,0,0,0,0,0,0,0,0,0,0,0,0,0,0,0,0,0,0,0,0,0,0,0,0,0,0,0,0,0,0,0,0,0,0,0,0,0,0,0,0,0,0,0,0,0,0,0,0,0,0,0
254,1,0,4.85663129092258e-08,1.13180063591578e-08,0,0,0,0,0,0,0,0,0,0,0,0,0,0,0,0,8.75948300985259e-10,3.89309059926548e-09,0,0,0,0,0,0,0,0,0,0,0,0,0,0,0,0,0,0,0,0,0,0,0,0,0,0,0,0,0,0,0,0,0,0,0,0,0,0,0,0,0,0,0,0,0,0,0,0,0,0,0,0,0,0,0,0,0,0,0,0
255,1,0,4.41953447473955e-08,1.02993857868336e-08,0,0,0,0,0,0,0,0,0,0,0,0,0,0,0,0,7.97112953896586e-10,3.54271244533159e-09,0,0,0,0,0,0,0,0,0,0,0,0,0,0,0,0,0,0,0,0,0,0,0,0,0,0,0,0,0,0,0,0,0,0,0,0,0,0,0,0,0,0,0,0,0,0,0,0,0,0,0,0,0,0,0,0,0,0,0,0
256,1,0,4.02177637201299e-08,9.37244106601861e-09,0,0,0,0,0,0,0,0,0,0,0,0,0,0,0,0,7.25372788045893e-10,3.22386832525175e-09,0,0,0,0,0,0,0,0,0,0,0,0,0,0,0,0,0,0,0,0,0,0,0,0,0,0,0,0,0,0,0,0,0,0,0,0,0,0,0,0,0,0,0,0,0,0,0,0,0,0,0,0,0,0,0,0,0,0,0,0
257,1,0,3.65981649853182e-08,8.52892137007694e-09,0,0,0,0,0,0,0,0,0,0,0,0,0,0,0,0,6.60089237121763e-10,2.93372017597909e-09,0,0,0,0,0,0,0,0,0,0,0,0,0,0,0,0,0,0,0,0,0,0,0,0,0,0,0,0,0,0,0,0,0,0,0,0,0,0,0,0,0,0,0,0,0,0,0,0,0,0,0,0,0,0,0,0,0,0,0,0
258,1,0,3.33043301366396e-08,7.76131844677001e-09,0,0,0,0,0,0,0,0,0,0,0,0,0,0,0,0,6.00681205780804e-10,2.66968536014097e-09,0,0,0,0,0,0,0,0,0,0,0,0,0,0,0,0,0,0,0,0,0,0,0,0,0,0,0,0,0,0,0,0,0,0,0,0,0,0,0,0,0,0,0,0,0,0,0,0,0,0,0,0,0,0,0,0,0,0,0,0
259,1,0,3.0306940424342e-08,7.06279978656071e-09,0,0,0,0,0,0,0,0,0,0,0,0,0,0,0,0,5.46619897260532e-10,2.42941367772828e-09,0,0,0,0,0,0,0,0,0,0,0,0,0,0,0,0,0,0,0,0,0,0,0,0,0,0,0,0,0,0,0,0,0,0,0,0,0,0,0,0,0,0,0,0,0,0,0,0,0,0,0,0,0,0,0,0,0,0,0,0
260,1,0,2.75793157861512e-08,6.42714780577025e-09,0,0,0,0,0,0,0,0,0,0,0,0,0,0,0,0,4.97424106507084e-10,2.21076644673274e-09,0,0,0,0,0,0,0,0,0,0,0,0,0,0,0,0,0,0,0,0,0,0,0,0,0,0,0,0,0,0,0,0,0,0,0,0,0,0,0,0,0,0,0,0,0,0,0,0,0,0,0,0,0,0,0,0,0,0,0,0
261,1,0,2.50971773653976e-08,5.84870450325093e-09,0,0,0,0,0,0,0,0,0,0,0,0,0,0,0,0,4.52655936921446e-10,2.01179746652679e-09,0,0,0,0,0,0,0,0,0,0,0,0,0,0,0,0,0,0,0,0,0,0,0,0,0,0,0,0,0,0,0,0,0,0,0,0,0,0,0,0,0,0,0,0,0,0,0,0,0,0,0,0,0,0,0,0,0,0,0,0
262,1,0,2.28384314025118e-08,5.32232109795834e-09,0,0,0,0,0,0,0,0,0,0,0,0,0,0,0,0,4.11916902598516e-10,1.83073569453938e-09,0,0,0,0,0,0,0,0,0,0,0,0,0,0,0,0,0,0,0,0,0,0,0,0,0,0,0,0,0,0,0,0,0,0,0,0,0,0,0,0,0,0,0,0,0,0,0,0,0,0,0,0,0,0,0,0,0,0,0,0
263,1,0,2.07829725762858e-08,4.84331219914209e-09,0,0,0,0,0,0,0,0,0,0,0,0,0,0,0,0,3.7484438136465e-10,1.66596948203084e-09,0,0,0,0,0,0,0,0,0,0,0,0,0,0,0,0,0,0,0,0,0,0,0,0,0,0,0,0,0,0,0,0,0,0,0,0,0,0,0,0,0,0,0,0,0,0,0,0,0,0,0,0,0,0,0,0,0,0,0,0
264,1,0,1.89125050444201e-08,4.4074141012193e-09,0,0,0,0,0,0,0,0,0,0,0,0,0,0,0,0,3.41108387041831e-10,1.51603222864806e-09,0,0,0,0,0,0,0,0,0,0,0,0,0,0,0,0,0,0,0,0,0,0,0,0,0,0,0,0,0,0,0,0,0,0,0,0,0,0,0,0,0,0,0,0,0,0,0,0,0,0,0,0,0,0,0,0,0,0,0,0
265,1,0,1.72103795904222e-08,4.01074683210957e-09,0,0,0,0,0,0,0,0,0,0,0,0,0,0,0,0,3.10408632208067e-10,1.37958932806974e-09,0,0,0,0,0,0,0,0,0,0,0,0,0,0,0,0,0,0,0,0,0,0,0,0,0,0,0,0,0,0,0,0,0,0,0,0,0,0,0,0,0,0,0,0,0,0,0,0,0,0,0,0,0,0,0,0,0,0,0,0
266,1,0,1.56614454272842e-08,3.64977961721971e-09,0,0,0,0,0,0,0,0,0,0,0,0,0,0,0,0,2.82471855309341e-10,1.25542628854346e-09,0,0,0,0,0,0,0,0,0,0,0,0,0,0,0,0,0,0,0,0,0,0,0,0,0,0,0,0,0,0,0,0,0,0,0,0,0,0,0,0,0,0,0,0,0,0,0,0,0,0,0,0,0,0,0,0,0,0,0,0
267,1,0,1.42519153388287e-08,3.32129945166993e-09,0,0,0,0,0,0,0,0,0,0,0,0,0,0,0,0,2.570493883315e-10,1.14243792257455e-09,0,0,0,0,0,0,0,0,0,0,0,0,0,0,0,0,0,0,0,0,0,0,0,0,0,0,0,0,0,0,0,0,0,0,0,0,0,0,0,0,0,0,0,0,0,0,0,0,0,0,0,0,0,0,0,0,0,0,0,0
268,1,0,1.29692429583341e-08,3.02238250101964e-09,0,0,0,0,0,0,0,0,0,0,0,0,0,0,0,0,2.33914943381665e-10,1.03961850954284e-09,0,0,0,0,0,0,0,0,0,0,0,0,0,0,0,0,0,0,0,0,0,0,0,0,0,0,0,0,0,0,0,0,0,0,0,0,0,0,0,0,0,0,0,0,0,0,0,0,0,0,0,0,0,0,0,0,0,0,0,0
269,1,0,1.1802011092084e-08,2.75036807592787e-09,0,0,0,0,0,0,0,0,0,0,0,0,0,0,0,0,2.12862598477315e-10,9.46052843683983e-10,0,0,0,0,0,0,0,0,0,0,0,0,0,0,0,0,0,0,0,0,0,0,0,0,0,0,0,0,0,0,0,0,0,0,0,0,0,0,0,0,0,0,0,0,0,0,0,0,0,0,0,0,0,0,0,0,0,0,0,0
270,1,0,1.07398300937965e-08,2.50283494909436e-09,0,0,0,0,0,0,0,0,0,0,0,0,0,0,0,0,1.93704964614357e-10,8.60908087752425e-10,0,0,0,0,0,0,0,0,0,0,0,0,0,0,0,0,0,0,0,0,0,0,0,0,0,0,0,0,0,0,0,0,0,0,0,0,0,0,0,0,0,0,0,0,0,0,0,0,0,0,0,0,0,0,0,0,0,0,0,0
271,1,0,9.77324538535478e-09,2.27757980367587e-09,0,0,0,0,0,0,0,0,0,0,0,0,0,0,0,0,1.76271517799065e-10,7.83426359854707e-10,0,0,0,0,0,0,0,0,0,0,0,0,0,0,0,0,0,0,0,0,0,0,0,0,0,0,0,0,0,0,0,0,0,0,0,0,0,0,0,0,0,0,0,0,0,0,0,0,0,0,0,0,0,0,0,0,0,0,0,0
272,1,0,8.89365330067285e-09,2.07259762134504e-09,0,0,0,0,0,0,0,0,0,0,0,0,0,0,0,0,1.60407081197149e-10,7.12917987467783e-10,0,0,0,0,0,0,0,0,0,0,0,0,0,0,0,0,0,0,0,0,0,0,0,0,0,0,0,0,0,0,0,0,0,0,0,0,0,0,0,0,0,0,0,0,0,0,0,0,0,0,0,0,0,0,0,0,0,0,0,0
273,1,0,8.09322450361229e-09,1.88606383542399e-09,0,0,0,0,0,0,0,0,0,0,0,0,0,0,0,0,1.45970443889405e-10,6.48755368595683e-10,0,0,0,0,0,0,0,0,0,0,0,0,0,0,0,0,0,0,0,0,0,0,0,0,0,0,0,0,0,0,0,0,0,0,0,0,0,0,0,0,0,0,0,0,0,0,0,0,0,0,0,0,0,0,0,0,0,0,0,0
274,1,0,7.36483429828719e-09,1.71631809023583e-09,0,0,0,0,0,0,0,0,0,0,0,0,0,0,0,0,1.32833103939359e-10,5.90367385422071e-10,0,0,0,0,0,0,0,0,0,0,0,0,0,0,0,0,0,0,0,0,0,0,0,0,0,0,0,0,0,0,0,0,0,0,0,0,0,0,0,0,0,0,0,0,0,0,0,0,0,0,0,0,0,0,0,0,0,0,0,0
275,1,0,6.70199921144134e-09,1.5618494621146e-09,0,0,0,0,0,0,0,0,0,0,0,0,0,0,0,0,1.20878124584817e-10,5.37234320734085e-10,0,0,0,0,0,0,0,0,0,0,0,0,0,0,0,0,0,0,0,0,0,0,0,0,0,0,0,0,0,0,0,0,0,0,0,0,0,0,0,0,0,0,0,0,0,0,0,0,0,0,0,0,0,0,0,0,0,0,0,0
276,1,0,6.09881928241162e-09,1.42128301052429e-09,0,0,0,0,0,0,0,0,0,0,0,0,0,0,0,0,1.09999093372183e-10,4.88883231868017e-10,0,0,0,0,0,0,0,0,0,0,0,0,0,0,0,0,0,0,0,0,0,0,0,0,0,0,0,0,0,0,0,0,0,0,0,0,0,0,0,0,0,0,0,0,0,0,0,0,0,0,0,0,0,0,0,0,0,0,0,0
277,1,0,5.54992554699457e-09,1.2933675395771e-09,0,0,0,0,0,0,0,0,0,0,0,0,0,0,0,0,1.00099174968687e-10,4.44883740999896e-10,0,0,0,0,0,0,0,0,0,0,0,0,0,0,0,0,0,0,0,0,0,0,0,0,0,0,0,0,0,0,0,0,0,0,0,0,0,0,0,0,0,0,0,0,0,0,0,0,0,0,0,0,0,0,0,0,0,0,0,0
278,1,0,5.05043224776506e-09,1.17696446101516e-09,0,0,0,0,0,0,0,0,0,0,0,0,0,0,0,0,9.10902492215048e-11,4.04844204309905e-10,0,0,0,0,0,0,0,0,0,0,0,0,0,0,0,0,0,0,0,0,0,0,0,0,0,0,0,0,0,0,0,0,0,0,0,0,0,0,0,0,0,0,0,0,0,0,0,0,0,0,0,0,0,0,0,0,0,0,0,0
279,1,0,4.59589334546621e-09,1.0710376595238e-09,0,0,0,0,0,0,0,0,0,0,0,0,0,0,0,0,8.28921267915694e-11,3.68408225922014e-10,0,0,0,0,0,0,0,0,0,0,0,0,0,0,0,0,0,0,0,0,0,0,0,0,0,0,0,0,0,0,0,0,0,0,0,0,0,0,0,0,0,0,0,0,0,0,0,0,0,0,0,0,0,0,0,0,0,0,0,0
280,1,0,4.18226294437425e-09,9.74644270166658e-10,0,0,0,0,0,0,0,0,0,0,0,0,0,0,0,0,7.54318353803282e-11,3.35251485589032e-10,0,0,0,0,0,0,0,0,0,0,0,0,0,0,0,0,0,0,0,0,0,0,0,0,0,0,0,0,0,0,0,0,0,0,0,0,0,0,0,0,0,0,0,0,0,0,0,0,0,0,0,0,0,0,0,0,0,0,0,0
281,1,0,3.80585927938057e-09,8.86926285851659e-10,0,0,0,0,0,0,0,0,0,0,0,0,0,0,0,0,6.86429701960986e-11,3.0507885188602e-10,0,0,0,0,0,0,0,0,0,0,0,0,0,0,0,0,0,0,0,0,0,0,0,0,0,0,0,0,0,0,0,0,0,0,0,0,0,0,0,0,0,0,0,0,0,0,0,0,0,0,0,0,0,0,0,0,0,0,0,0
282,1,0,3.46333194423631e-09,8.0710292012501e-10,0,0,0,0,0,0,0,0,0,0,0,0,0,0,0,0,6.24651028784498e-11,2.77621755216278e-10,0,0,0,0,0,0,0,0,0,0,0,0,0,0,0,0,0,0,0,0,0,0,0,0,0,0,0,0,0,0,0,0,0,0,0,0,0,0,0,0,0,0,0,0,0,0,0,0,0,0,0,0,0,0,0,0,0,0,0,0
283,1,0,3.15163206925505e-09,7.34463657313759e-10,0,0,0,0,0,0,0,0,0,0,0,0,0,0,0,0,5.68432436193893e-11,2.52635797246813e-10,0,0,0,0,0,0,0,0,0,0,0,0,0,0,0,0,0,0,0,0,0,0,0,0,0,0,0,0,0,0,0,0,0,0,0,0,0,0,0,0,0,0,0,0,0,0,0,0,0,0,0,0,0,0,0,0,0,0,0,0
284,1,0,2.86798518302209e-09,6.68361928155521e-10,0,0,0,0,0,0,0,0,0,0,0,0,0,0,0,0,5.17273516936443e-11,2.298985754946e-10,0,0,0,0,0,0,0,0,0,0,0,0,0,0,0,0,0,0,0,0,0,0,0,0,0,0,0,0,0,0,0,0,0,0,0,0,0,0,0,0,0,0,0,0,0,0,0,0,0,0,0,0,0,0,0,0,0,0,0,0
285,1,0,2.6098665165501e-09,6.08209354621524e-10,0,0,0,0,0,0,0,0,0,0,0,0,0,0,0,0,4.70718900412163e-11,2.09207703700086e-10,0,0,0,0,0,0,0,0,0,0,0,0,0,0,0,0,0,0,0,0,0,0,0,0,0,0,0,0,0,0,0,0,0,0,0,0,0,0,0,0,0,0,0,0,0,0,0,0,0,0,0,0,0,0,0,0,0,0,0,0
286,1,0,2.37497853006059e-09,5.53470512705587e-10,0,0,0,0,0,0,0,0,0,0,0,0,0,0,0,0,4.28354199375068e-11,1.90379010367078e-10,0,0,0,0,0,0,0,0,0,0,0,0,0,0,0,0,0,0,0,0,0,0,0,0,0,0,0,0,0,0,0,0,0,0,0,0,0,0,0,0,0,0,0,0,0,0,0,0,0,0,0,0,0,0,0,0,0,0,0,0
287,1,0,2.16123046235514e-09,5.03658166562084e-10,0,0,0,0,0,0,0,0,0,0,0,0,0,0,0,0,3.89802321431312e-11,1.73244899434041e-10,0,0,0,0,0,0,0,0,0,0,0,0,0,0,0,0,0,0,0,0,0,0,0,0,0,0,0,0,0,0,0,0,0,0,0,0,0,0,0,0,0,0,0,0,0,0,0,0,0,0,0,0,0,0,0,0,0,0,0,0
288,1,0,1.96671972074318e-09,4.58328931571496e-10,0,0,0,0,0,0,0,0,0,0,0,0,0,0,0,0,3.54720112502494e-11,1.57652858484977e-10,0,0,0,0,0,0,0,0,0,0,0,0,0,0,0,0,0,0,0,0,0,0,0,0,0,0,0,0,0,0,0,0,0,0,0,0,0,0,0,0,0,0,0,0,0,0,0,0,0,0,0,0,0,0,0,0,0,0,0,0
289,1,0,1.78971494587629e-09,4.17079327730062e-10,0,0,0,0,0,0,0,0,0,0,0,0,0,0,0,0,3.22795302377269e-11,1.43464101221329e-10,0,0,0,0,0,0,0,0,0,0,0,0,0,0,0,0,0,0,0,0,0,0,0,0,0,0,0,0,0,0,0,0,0,0,0,0,0,0,0,0,0,0,0,0,0,0,0,0,0,0,0,0,0,0,0,0,0,0,0,0
290,1,0,1.62864060074743e-09,3.79542188234356e-10,0,0,0,0,0,0,0,0,0,0,0,0,0,0,0,0,2.93743725163315e-11,1.3055233211141e-10,0,0,0,0,0,0,0,0,0,0,0,0,0,0,0,0,0,0,0,0,0,0,0,0,0,0,0,0,0,0,0,0,0,0,0,0,0,0,0,0,0,0,0,0,0,0,0,0,0,0,0,0,0,0,0,0,0,0,0,0
291,1,0,1.48206294668016e-09,3.45383391293264e-10,0,0,0,0,0,0,0,0,0,0,0,0,0,0,0,0,2.67306789898617e-11,1.18802622221383e-10,0,0,0,0,0,0,0,0,0,0,0,0,0,0,0,0,0,0,0,0,0,0,0,0,0,0,0,0,0,0,0,0,0,0,0,0,0,0,0,0,0,0,0,0,0,0,0,0,0,0,0,0,0,0,0,0,0,0,0,0
292,1,0,1.34867728147894e-09,3.1429888607687e-10,0,0,0,0,0,0,0,0,0,0,0,0,0,0,0,0,2.43249178807741e-11,1.08110386221458e-10,0,0,0,0,0,0,0,0,0,0,0,0,0,0,0,0,0,0,0,0,0,0,0,0,0,0,0,0,0,0,0,0,0,0,0,0,0,0,0,0,0,0,0,0,0,0,0,0,0,0,0,0,0,0,0,0,0,0,0,0
293,1,0,1.22729632614584e-09,2.86011986329952e-10,0,0,0,0,0,0,0,0,0,0,0,0,0,0,0,0,2.21356752715045e-11,9.83804514615272e-11,0,0,0,0,0,0,0,0,0,0,0,0,0,0,0,0,0,0,0,0,0,0,0,0,0,0,0,0,0,0,0,0,0,0,0,0,0,0,0,0,0,0,0,0,0,0,0,0,0,0,0,0,0,0,0,0,0,0,0,0
294,1,0,1.11683965679271e-09,2.60270907560256e-10,0,0,0,0,0,0,0,0,0,0,0,0,0,0,0,0,2.01434644970691e-11,8.95262108299897e-11,0,0,0,0,0,0,0,0,0,0,0,0,0,0,0,0,0,0,0,0,0,0,0,0,0,0,0,0,0,0,0,0,0,0,0,0,0,0,0,0,0,0,0,0,0,0,0,0,0,0,0,0,0,0,0,0,0,0,0,0
295,1,0,1.01632408768137e-09,2.36846525879833e-10,0,0,0,0,0,0,0,0,0,0,0,0,0,0,0,0,1.83305526923328e-11,8.14688518552907e-11,0,0,0,0,0,0,0,0,0,0,0,0,0,0,0,0,0,0,0,0,0,0,0,0,0,0,0,0,0,0,0,0,0,0,0,0,0,0,0,0,0,0,0,0,0,0,0,0,0,0,0,0,0,0,0,0,0,0,0,0
296,1,0,9.24854919790046e-10,2.15530338550648e-10,0,0,0,0,0,0,0,0,0,0,0,0,0,0,0,0,1.66808029500229e-11,7.41366551883145e-11,0,0,0,0,0,0,0,0,0,0,0,0,0,0,0,0,0,0,0,0,0,0,0,0,0,0,0,0,0,0,0,0,0,0,0,0,0,0,0,0,0,0,0,0,0,0,0,0,0,0,0,0,0,0,0,0,0,0,0,0
297,1,0,8.41617977008942e-10,1.9613260808109e-10,0,0,0,0,0,0,0,0,0,0,0,0,0,0,0,0,1.51795306845208e-11,6.74643562213662e-11,0,0,0,0,0,0,0,0,0,0,0,0,0,0,0,0,0,0,0,0,0,0,0,0,0,0,0,0,0,0,0,0,0,0,0,0,0,0,0,0,0,0,0,0,0,0,0,0,0,0,0,0,0,0,0,0,0,0,0,0
298,1,0,7.65872359078137e-10,1.78480673353792e-10,0,0,0,0,0,0,0,0,0,0,0,0,0,0,0,0,1.3813372922914e-11,6.13925641614432e-11,0,0,0,0,0,0,0,0,0,0,0,0,0,0,0,0,0,0,0,0,0,0,0,0,0,0,0,0,0,0,0,0,0,0,0,0,0,0,0,0,0,0,0,0,0,0,0,0,0,0,0,0,0,0,0,0,0,0,0,0
299,1,0,6.96943846761105e-10,1.62417412751951e-10,0,0,0,0,0,0,0,0,0,0,0,0,0,0,0,0,1.25701693598517e-11,5.58672333869134e-11,0,0,0,0,0,0,0,0,0,0,0,0,0,0,0,0,0,0,0,0,0,0,0,0,0,0,0,0,0,0,0,0,0,0,0,0,0,0,0,0,0,0,0,0,0,0,0,0,0,0,0,0,0,0,0,0,0,0,0,0
300,1,0,6.34218900552606e-10,1.47799845604275e-10,0,0,0,0,0,0,0,0,0,0,0,0,0,0,0,0,1.1438854117465e-11,5.08391823820912e-11,0,0,0,0,0,0,0,0,0,0,0,0,0,0,0,0,0,0,0,0,0,0,0,0,0,0,0,0,0,0,0,0,0,0,0,0,0,0,0,0,0,0,0,0,0,0,0,0,0,0,0,0,0,0,0,0,0,0,0,0
301,1,0,5.77139199502871e-10,1.3449785949989e-10,0,0,0,0,0,0,0,0,0,0,0,0,0,0,0,0,1.04093572468932e-11,4.6263655967703e-11,0,0,0,0,0,0,0,0,0,0,0,0,0,0,0,0,0,0,0,0,0,0,0,0,0,0,0,0,0,0,0,0,0,0,0,0,0,0,0,0,0,0,0,0,0,0,0,0,0,0,0,0,0,0,0,0,0,0,0,0
302,1,0,5.25196671547613e-10,1.223930521449e-10,0,0,0,0,0,0,0,0,0,0,0,0,0,0,0,0,9.47251509467281e-12,4.20999269306097e-11,0,0,0,0,0,0,0,0,0,0,0,0,0,0,0,0,0,0,0,0,0,0,0,0,0,0,0,0,0,0,0,0,0,0,0,0,0,0,0,0,0,0,0,0,0,0,0,0,0,0,0,0,0,0,0,0,0,0,0,0
303,1,0,4.77928971108328e-10,1.11377677451859e-10,0,0,0,0,0,0,0,0,0,0,0,0,0,0,0,0,8.61998873615225e-12,3.83109335068548e-11,0,0,0,0,0,0,0,0,0,0,0,0,0,0,0,0,0,0,0,0,0,0,0,0,0,0,0,0,0,0,0,0,0,0,0,0,0,0,0,0,0,0,0,0,0,0,0,0,0,0,0,0,0,0,0,0,0,0,0,0
304,1,0,4.34915363708578e-10,1.01353686481192e-10,0,0,0,0,0,0,0,0,0,0,0,0,0,0,0,0,7.84418974989855e-12,3.48629494912379e-11,0,0,0,0,0,0,0,0,0,0,0,0,0,0,0,0,0,0,0,0,0,0,0,0,0,0,0,0,0,0,0,0,0,0,0,0,0,0,0,0,0,0,0,0,0,0,0,0,0,0,0,0,0,0,0,0,0,0,0,0
305,1,0,3.95772980974806e-10,9.22318546978846e-11,0,0,0,0,0,0,0,0,0,0,0,0,0,0,0,0,7.13821267240768e-12,3.17252840370265e-11,0,0,0,0,0,0,0,0,0,0,0,0,0,0,0,0,0,0,0,0,0,0,0,0,0,0,0,0,0,0,0,0,0,0,0,0,0,0,0,0,0,0,0,0,0,0,0,0,0,0,0,0,0,0,0,0,0,0,0,0
306,1,0,3.60153412687074e-10,8.3930987775075e-11,0,0,0,0,0,0,0,0,0,0,0,0,0,0,0,0,6.49577353189099e-12,2.88700084736941e-11,0,0,0,0,0,0,0,0,0,0,0,0,0,0,0,0,0,0,0,0,0,0,0,0,0,0,0,0,0,0,0,0,0,0,0,0,0,0,0,0,0,0,0,0,0,0,0,0,0,0,0,0,0,0,0,0,0,0,0,0
307,1,0,3.27739605545237e-10,7.63771988753182e-11,0,0,0,0,0,0,0,0,0,0,0,0,0,0,0,0,5.9111539140208e-12,2.62717077110616e-11,0,0,0,0,0,0,0,0,0,0,0,0,0,0,0,0,0,0,0,0,0,0,0,0,0,0,0,0,0,0,0,0,0,0,0,0,0,0,0,0,0,0,0,0,0,0,0,0,0,0,0,0,0,0,0,0,0,0,0,0
308,1,0,2.98243041046166e-10,6.95032509765396e-11,0,0,0,0,0,0,0,0,0,0,0,0,0,0,0,0,5.37915006175893e-12,2.39072540170661e-11,0,0,0,0,0,0,0,0,0,0,0,0,0,0,0,0,0,0,0,0,0,0,0,0,0,0,0,0,0,0,0,0,0,0,0,0,0,0,0,0,0,0,0,0,0,0,0,0,0,0,0,0,0,0,0,0,0,0,0,0
309,1,0,2.71401167352011e-10,6.3247958388651e-11,0,0,0,0,0,0,0,0,0,0,0,0,0,0,0,0,4.89502655620063e-12,2.17556011555301e-11,0,0,0,0,0,0,0,0,0,0,0,0,0,0,0,0,0,0,0,0,0,0,0,0,0,0,0,0,0,0,0,0,0,0,0,0,0,0,0,0,0,0,0,0,0,0,0,0,0,0,0,0,0,0,0,0,0,0,0,0
310,1,0,2.4697506229033e-10,5.75556421336724e-11,0,0,0,0,0,0,0,0,0,0,0,0,0,0,0,0,4.45447416614257e-12,1.97975970515324e-11,0,0,0,0,0,0,0,0,0,0,0,0,0,0,0,0,0,0,0,0,0,0,0,0,0,0,0,0,0,0,0,0,0,0,0,0,0,0,0,0,0,0,0,0,0,0,0,0,0,0,0,0,0,0,0,0,0,0,0,0
311,1,0,2.247473066842e-10,5.23756343416419e-11,0,0,0,0,0,0,0,0,0,0,0,0,0,0,0,0,4.05357149118974e-12,1.80158133168945e-11,0,0,0,0,0,0,0,0,0,0,0,0,0,0,0,0,0,0,0,0,0,0,0,0,0,0,0,0,0,0,0,0,0,0,0,0,0,0,0,0,0,0,0,0,0,0,0,0,0,0,0,0,0,0,0,0,0,0,0,0
312,1,0,2.04520049082622e-10,4.76618272508941e-11,0,0,0,0,0,0,0,0,0,0,0,0,0,0,0,0,3.68875005698266e-12,1.6394390118374e-11,0,0,0,0,0,0,0,0,0,0,0,0,0,0,0,0,0,0,0,0,0,0,0,0,0,0,0,0,0,0,0,0,0,0,0,0,0,0,0,0,0,0,0,0,0,0,0,0,0,0,0,0,0,0,0,0,0,0,0,0
313,1,0,1.86113244665186e-10,4.33722627983137e-11,0,0,0,0,0,0,0,0,0,0,0,0,0,0,0,0,3.35676255185422e-12,1.49188950077203e-11,0,0,0,0,0,0,0,0,0,0,0,0,0,0,0,0,0,0,0,0,0,0,0,0,0,0,0,0,0,0,0,0,0,0,0,0,0,0,0,0,0,0,0,0,0,0,0,0,0,0,0,0,0,0,0,0,0,0,0,0
314,1,0,1.69363052645319e-10,3.94687591464654e-11,0,0,0,0,0,0,0,0,0,0,0,0,0,0,0,0,3.05465392218734e-12,1.35761944570255e-11,0,0,0,0,0,0,0,0,0,0,0,0,0,0,0,0,0,0,0,0,0,0,0,0,0,0,0,0,0,0,0,0,0,0,0,0,0,0,0,0,0,0,0,0,0,0,0,0,0,0,0,0,0,0,0,0,0,0,0,0
315,1,0,1.54120377907241e-10,3.59165708232836e-11,0,0,0,0,0,0,0,0,0,0,0,0,0,0,0,0,2.77973506919048e-12,1.23543369558932e-11,0,0,0,0,0,0,0,0,0,0,0,0,0,0,0,0,0,0,0,0,0,0,0,0,0,0,0,0,0,0,0,0,0,0,0,0,0,0,0,0,0,0,0,0,0,0,0,0,0,0,0,0,0,0,0,0,0,0,0,0
316,1,0,1.40249543895589e-10,3.2684079449188e-11,0,0,0,0,0,0,0,0,0,0,0,0,0,0,0,0,2.52955891296334e-12,1.12424466298628e-11,0,0,0,0,0,0,0,0,0,0,0,0,0,0,0,0,0,0,0,0,0,0,0,0,0,0,0,0,0,0,0,0,0,0,0,0,0,0,0,0,0,0,0,0,0,0,0,0,0,0,0,0,0,0,0,0,0,0,0,0
317,1,0,1.27627084944986e-10,2.97425122987611e-11,0,0,0,0,0,0,0,0,0,0,0,0,0,0,0,0,2.30189861079664e-12,1.02306264331752e-11,0,0,0,0,0,0,0,0,0,0,0,0,0,0,0,0,0,0,0,0,0,0,0,0,0,0,0,0,0,0,0,0,0,0,0,0,0,0,0,0,0,0,0,0,0,0,0,0,0,0,0,0,0,0,0,0,0,0,0,0
318,1,0,1.16140647299937e-10,2.70656861918726e-11,0,0,0,0,0,0,0,0,0,0,0,0,0,0,0,0,2.09472773582494e-12,9.30987005418941e-12,0,0,0,0,0,0,0,0,0,0,0,0,0,0,0,0,0,0,0,0,0,0,0,0,0,0,0,0,0,0,0,0,0,0,0,0,0,0,0,0,0,0,0,0,0,0,0,0,0,0,0,0,0,0,0,0,0,0,0,0
319,1,0,1.05687989042943e-10,2.46297744346041e-11,0,0,0,0,0,0,0,0,0,0,0,0,0,0,0,0,1.9062022396007e-12,8.47198174931236e-12,0,0,0,0,0,0,0,0,0,0,0,0,0,0,0,0,0,0,0,0,0,0,0,0,0,0,0,0,0,0,0,0,0,0,0,0,0,0,0,0,0,0,0,0,0,0,0,0,0,0,0,0,0,0,0,0,0,0,0,0
320,1,0,9.61760700290781e-11,2.24130947354897e-11,0,0,0,0,0,0,0,0,0,0,0,0,0,0,0,0,1.73464403803663e-12,7.70950339187425e-12,0,0,0,0,0,0,0,0,0,0,0,0,0,0,0,0,0,0,0,0,0,0,0,0,0,0,0,0,0,0,0,0,0,0,0,0,0,0,0,0,0,0,0,0,0,0,0,0,0,0,0,0,0,0,0,0,0,0,0,0
321,1,0,8.75202237264611e-11,2.03959162092956e-11,0,0,0,0,0,0,0,0,0,0,0,0,0,0,0,0,1.57852607461334e-12,7.01564808660557e-12,0,0,0,0,0,0,0,0,0,0,0,0,0,0,0,0,0,0,0,0,0,0,0,0,0,0,0,0,0,0,0,0,0,0,0,0,0,0,0,0,0,0,0,0,0,0,0,0,0,0,0,0,0,0,0,0,0,0,0,0
322,1,0,7.96434035910796e-11,1.8560283750459e-11,0,0,0,0,0,0,0,0,0,0,0,0,0,0,0,0,1.43645872789814e-12,6.38423975881107e-12,0,0,0,0,0,0,0,0,0,0,0,0,0,0,0,0,0,0,0,0,0,0,0,0,0,0,0,0,0,0,0,0,0,0,0,0,0,0,0,0,0,0,0,0,0,0,0,0,0,0,0,0,0,0,0,0,0,0,0,0
323,1,0,7.24754972678824e-11,1.68898582129177e-11,0,0,0,0,0,0,0,0,0,0,0,0,0,0,0,0,1.3071774423873e-12,5.80965818051807e-12,0,0,0,0,0,0,0,0,0,0,0,0,0,0,0,0,0,0,0,0,0,0,0,0,0,0,0,0,0,0,0,0,0,0,0,0,0,0,0,0,0,0,0,0,0,0,0,0,0,0,0,0,0,0,0,0,0,0,0,0
324,1,0,6.5952702513773e-11,1.53697709737551e-11,0,0,0,0,0,0,0,0,0,0,0,0,0,0,0,0,1.18953147257245e-12,5.28678894427145e-12,0,0,0,0,0,0,0,0,0,0,0,0,0,0,0,0,0,0,0,0,0,0,0,0,0,0,0,0,0,0,0,0,0,0,0,0,0,0,0,0,0,0,0,0,0,0,0,0,0,0,0,0,0,0,0,0,0,0,0,0
325,1,0,6.00169592875334e-11,1.39864915861172e-11,0,0,0,0,0,0,0,0,0,0,0,0,0,0,0,0,1.08247364004093e-12,4.81097793928702e-12,0,0,0,0,0,0,0,0,0,0,0,0,0,0,0,0,0,0,0,0,0,0,0,0,0,0,0,0,0,0,0,0,0,0,0,0,0,0,0,0,0,0,0,0,0,0,0,0,0,0,0,0,0,0,0,0,0,0,0,0
326,1,0,5.46154329516554e-11,1.27277073433666e-11,0,0,0,0,0,0,0,0,0,0,0,0,0,0,0,0,9.85051012437244e-13,4.37798992475118e-12,0,0,0,0,0,0,0,0,0,0,0,0,0,0,0,0,0,0,0,0,0,0,0,0,0,0,0,0,0,0,0,0,0,0,0,0,0,0,0,0,0,0,0,0,0,0,0,0,0,0,0,0,0,0,0,0,0,0,0,0
327,1,0,4.97000439860064e-11,1.15822136824636e-11,0,0,0,0,0,0,0,0,0,0,0,0,0,0,0,0,8.96396421317892e-13,3.98397083152358e-12,0,0,0,0,0,0,0,0,0,0,0,0,0,0,0,0,0,0,0,0,0,0,0,0,0,0,0,0,0,0,0,0,0,0,0,0,0,0,0,0,0,0,0,0,0,0,0,0,0,0,0,0,0,0,0,0,0,0,0,0
328,1,0,4.52270400272659e-11,1.05398144510419e-11,0,0,0,0,0,0,0,0,0,0,0,0,0,0,0,0,8.15720743399282e-13,3.62541345668646e-12,0,0,0,0,0,0,0,0,0,0,0,0,0,0,0,0,0,0,0,0,0,0,0,0,0,0,0,0,0,0,0,0,0,0,0,0,0,0,0,0,0,0,0,0,0,0,0,0,0,0,0,0,0,0,0,0,0,0,0,0
329,1,0,4.11566064248119e-11,9.59123115044813e-12,0,0,0,0,0,0,0,0,0,0,0,0,0,0,0,0,7.42305876493346e-13,3.29912624558467e-12,0,0,0,0,0,0,0,0,0,0,0,0,0,0,0,0,0,0,0,0,0,0,0,0,0,0,0,0,0,0,0,0,0,0,0,0,0,0,0,0,0,0,0,0,0,0,0,0,0,0,0,0,0,0,0,0,0,0,0,0
330,1,0,3.74525118465789e-11,8.7280203469078e-12,0,0,0,0,0,0,0,0,0,0,0,0,0,0,0,0,6.75498347608945e-13,3.00220488348205e-12,0,0,0,0,0,0,0,0,0,0,0,0,0,0,0,0,0,0,0,0,0,0,0,0,0,0,0,0,0,0,0,0,0,0,0,0,0,0,0,0,0,0,0,0,0,0,0,0,0,0,0,0,0,0,0,0,0,0,0,0
331,1,0,3.40817857803868e-11,7.9424985156861e-12,0,0,0,0,0,0,0,0,0,0,0,0,0,0,0,0,6.1470349632414e-13,2.73200644396867e-12,0,0,0,0,0,0,0,0,0,0,0,0,0,0,0,0,0,0,0,0,0,0,0,0,0,0,0,0,0,0,0,0,0,0,0,0,0,0,0,0,0,0,0,0,0,0,0,0,0,0,0,0,0,0,0,0,0,0,0,0
332,1,0,3.1014425060152e-11,7.22767364927435e-12,0,0,0,0,0,0,0,0,0,0,0,0,0,0,0,0,5.59380181654968e-13,2.48612586401149e-12,0,0,0,0,0,0,0,0,0,0,0,0,0,0,0,0,0,0,0,0,0,0,0,0,0,0,0,0,0,0,0,0,0,0,0,0,0,0,0,0,0,0,0,0,0,0,0,0,0,0,0,0,0,0,0,0,0,0,0,0
333,1,0,2.82231268047383e-11,6.57718302083966e-12,0,0,0,0,0,0,0,0,0,0,0,0,0,0,0,0,5.0903596530602e-13,2.26237453625046e-12,0,0,0,0,0,0,0,0,0,0,0,0,0,0,0,0,0,0,0,0,0,0,0,0,0,0,0,0,0,0,0,0,0,0,0,0,0,0,0,0,0,0,0,0,0,0,0,0,0,0,0,0,0,0,0,0,0,0,0,0
334,1,0,2.56830453923118e-11,5.98523654896409e-12,0,0,0,0,0,0,0,0,0,0,0,0,0,0,0,0,4.63222728428479e-13,2.05876082798791e-12,0,0,0,0,0,0,0,0,0,0,0,0,0,0,0,0,0,0,0,0,0,0,0,0,0,0,0,0,0,0,0,0,0,0,0,0,0,0,0,0,0,0,0,0,0,0,0,0,0,0,0,0,0,0,0,0,0,0,0,0
335,1,0,2.33715713070038e-11,5.44656525955732e-12,0,0,0,0,0,0,0,0,0,0,0,0,0,0,0,0,4.21532682869916e-13,1.873472353469e-12,0,0,0,0,0,0,0,0,0,0,0,0,0,0,0,0,0,0,0,0,0,0,0,0,0,0,0,0,0,0,0,0,0,0,0,0,0,0,0,0,0,0,0,0,0,0,0,0,0,0,0,0,0,0,0,0,0,0,0,0
336,1,0,2.12681298893734e-11,4.95637438619716e-12,0,0,0,0,0,0,0,0,0,0,0,0,0,0,0,0,3.83594741411623e-13,1.70485984165679e-12,0,0,0,0,0,0,0,0,0,0,0,0,0,0,0,0,0,0,0,0,0,0,0,0,0,0,0,0,0,0,0,0,0,0,0,0,0,0,0,0,0,0,0,0,0,0,0,0,0,0,0,0,0,0,0,0,0,0,0,0
337,1,0,1.93539981993298e-11,4.51030069143942e-12,0,0,0,0,0,0,0,0,0,0,0,0,0,0,0,0,3.49071214684577e-13,1.55142245590768e-12,0,0,0,0,0,0,0,0,0,0,0,0,0,0,0,0,0,0,0,0,0,0,0,0,0,0,0,0,0,0,0,0,0,0,0,0,0,0,0,0,0,0,0,0,0,0,0,0,0,0,0,0,0,0,0,0,0,0,0,0
338,1,0,1.76121383613901e-11,4.10437362920987e-12,0,0,0,0,0,0,0,0,0,0,0,0,0,0,0,0,3.17654805362965e-13,1.41179443487599e-12,0,0,0,0,0,0,0,0,0,0,0,0,0,0,0,0,0,0,0,0,0,0,0,0,0,0,0,0,0,0,0,0,0,0,0,0,0,0,0,0,0,0,0,0,0,0,0,0,0,0,0,0,0,0,0,0,0,0,0,0
339,1,0,1.6027045908865e-11,3.73498000258098e-12,0,0,0,0,0,0,0,0,0,0,0,0,0,0,0,0,2.89065872880298e-13,1.28473293573715e-12,0,0,0,0,0,0,0,0,0,0,0,0,0,0,0,0,0,0,0,0,0,0,0,0,0,0,0,0,0,0,0,0,0,0,0,0,0,0,0,0,0,0,0,0,0,0,0,0,0,0,0,0,0,0,0,0,0,0,0,0
340,1,0,1.45846117770672e-11,3.39883180234869e-12,0,0,0,0,0,0,0,0,0,0,0,0,0,0,0,0,2.63049944321071e-13,1.16910697152081e-12,0,0,0,0,0,0,0,0,0,0,0,0,0,0,0,0,0,0,0,0,0,0,0,0,0,0,0,0,0,0,0,0,0,0,0,0,0,0,0,0,0,0,0,0,0,0,0,0,0,0,0,0,0,0,0,0,0,0,0,0
341,1,0,1.32719967171311e-11,3.09293694013731e-12,0,0,0,0,0,0,0,0,0,0,0,0,0,0,0,0,2.39375449332175e-13,1.06388734408393e-12,0,0,0,0,0,0,0,0,0,0,0,0,0,0,0,0,0,0,0,0,0,0,0,0,0,0,0,0,0,0,0,0,0,0,0,0,0,0,0,0,0,0,0,0,0,0,0,0,0,0,0,0,0,0,0,0,0,0,0,0
342,1,0,1.20775170125893e-11,2.81457261552495e-12,0,0,0,0,0,0,0,0,0,0,0,0,0,0,0,0,2.17831658892279e-13,9.6813748311638e-13,0,0,0,0,0,0,0,0,0,0,0,0,0,0,0,0,0,0,0,0,0,0,0,0,0,0,0,0,0,0,0,0,0,0,0,0,0,0,0,0,0,0,0,0,0,0,0,0,0,0,0,0,0,0,0,0,0,0,0,0
343,1,0,1.09905404814563e-11,2.56126108012771e-12,0,0,0,0,0,0,0,0,0,0,0,0,0,0,0,0,1.98226809591974e-13,8.81005109635906e-13,0,0,0,0,0,0,0,0,0,0,0,0,0,0,0,0,0,0,0,0,0,0,0,0,0,0,0,0,0,0,0,0,0,0,0,0,0,0,0,0,0,0,0,0,0,0,0,0,0,0,0,0,0,0,0,0,0,0,0,0
344,1,0,1.00013918381252e-11,2.33074758291621e-12,0,0,0,0,0,0,0,0,0,0,0,0,0,0,0,0,1.80386396728696e-13,8.01714649768675e-13,0,0,0,0,0,0,0,0,0,0,0,0,0,0,0,0,0,0,0,0,0,0,0,0,0,0,0,0,0,0,0,0,0,0,0,0,0,0,0,0,0,0,0,0,0,0,0,0,0,0,0,0,0,0,0,0,0,0,0,0
345,1,0,9.10126657269395e-12,2.12098030045375e-12,0,0,0,0,0,0,0,0,0,0,0,0,0,0,0,0,1.64151621023114e-13,7.29560331289494e-13,0,0,0,0,0,0,0,0,0,0,0,0,0,0,0,0,0,0,0,0,0,0,0,0,0,0,0,0,0,0,0,0,0,0,0,0,0,0,0,0,0,0,0,0,0,0,0,0,0,0,0,0,0,0,0,0,0,0,0,0
346,1,0,8.2821525811515e-12,1.93009207341292e-12,0,0,0,0,0,0,0,0,0,0,0,0,0,0,0,0,1.49377975131034e-13,6.63899901473439e-13,0,0,0,0,0,0,0,0,0,0,0,0,0,0,0,0,0,0,0,0,0,0,0,0,0,0,0,0,0,0,0,0,0,0,0,0,0,0,0,0,0,0,0,0,0,0,0,0,0,0,0,0,0,0,0,0,0,0,0,0
347,1,0,7.53675884884786e-12,1.75638378680575e-12,0,0,0,0,0,0,0,0,0,0,0,0,0,0,0,0,1.35933957369241e-13,6.0414891034083e-13,0,0,0,0,0,0,0,0,0,0,0,0,0,0,0,0,0,0,0,0,0,0,0,0,0,0,0,0,0,0,0,0,0,0,0,0,0,0,0,0,0,0,0,0,0,0,0,0,0,0,0,0,0,0,0,0,0,0,0,0
348,1,0,6.85845055245156e-12,1.59830924599324e-12,0,0,0,0,0,0,0,0,0,0,0,0,0,0,0,0,1.23699901206009e-13,5.49775508410155e-13,0,0,0,0,0,0,0,0,0,0,0,0,0,0,0,0,0,0,0,0,0,0,0,0,0,0,0,0,0,0,0,0,0,0,0,0,0,0,0,0,0,0,0,0,0,0,0,0,0,0,0,0,0,0,0,0,0,0,0,0
349,1,0,6.24119000273092e-12,1.45446141385385e-12,0,0,0,0,0,0,0,0,0,0,0,0,0,0,0,0,1.12566910097468e-13,5.00295712653241e-13,0,0,0,0,0,0,0,0,0,0,0,0,0,0,0,0,0,0,0,0,0,0,0,0,0,0,0,0,0,0,0,0,0,0,0,0,0,0,0,0,0,0,0,0,0,0,0,0,0,0,0,0,0,0,0,0,0,0,0,0
350,1,0,5.67948290248513e-12,1.323559886607e-12,0,0,0,0,0,0,0,0,0,0,0,0,0,0,0,0,1.02435888188696e-13,4.5526909851445e-13,0,0,0,0,0,0,0,0,0,0,0,0,0,0,0,0,0,0,0,0,0,0,0,0,0,0,0,0,0,0,0,0,0,0,0,0,0,0,0,0,0,0,0,0,0,0,0,0,0,0,0,0,0,0,0,0,0,0,0,0
351,1,0,5.16832944126147e-12,1.20443949681237e-12,0,0,0,0,0,0,0,0,0,0,0,0,0,0,0,0,9.32166582517133e-14,4.14294879648149e-13,0,0,0,0,0,0,0,0,0,0,0,0,0,0,0,0,0,0,0,0,0,0,0,0,0,0,0,0,0,0,0,0,0,0,0,0,0,0,0,0,0,0,0,0,0,0,0,0,0,0,0,0,0,0,0,0,0,0,0,0
352,1,0,4.70317979154794e-12,1.09603994209926e-12,0,0,0,0,0,0,0,0,0,0,0,0,0,0,0,0,8.48271590090592e-14,3.77008340479816e-13,0,0,0,0,0,0,0,0,0,0,0,0,0,0,0,0,0,0,0,0,0,0,0,0,0,0,0,0,0,0,0,0,0,0,0,0,0,0,0,0,0,0,0,0,0,0,0,0,0,0,0,0,0,0,0,0,0,0,0,0
353,1,0,4.27989361030863e-12,9.97396347310323e-13,0,0,0,0,0,0,0,0,0,0,0,0,0,0,0,0,7.71927146982438e-14,3.43077589836632e-13,0,0,0,0,0,0,0,0,0,0,0,0,0,0,0,0,0,0,0,0,0,0,0,0,0,0,0,0,0,0,0,0,0,0,0,0,0,0,0,0,0,0,0,0,0,0,0,0,0,0,0,0,0,0,0,0,0,0,0,0
354,1,0,3.89470318538085e-12,9.07630676052394e-13,0,0,0,0,0,0,0,0,0,0,0,0,0,0,0,0,7.02453703754019e-14,3.12200606751335e-13,0,0,0,0,0,0,0,0,0,0,0,0,0,0,0,0,0,0,0,0,0,0,0,0,0,0,0,0,0,0,0,0,0,0,0,0,0,0,0,0,0,0,0,0,0,0,0,0,0,0,0,0,0,0,0,0,0,0,0,0
355,1,0,3.54417989869657e-12,8.25943915207679e-13,0,0,0,0,0,0,0,0,0,0,0,0,0,0,0,0,6.39232870416157e-14,2.84102552143715e-13,0,0,0,0,0,0,0,0,0,0,0,0,0,0,0,0,0,0,0,0,0,0,0,0,0,0,0,0,0,0,0,0,0,0,0,0,0,0,0,0,0,0,0,0,0,0,0,0,0,0,0,0,0,0,0,0,0,0,0,0
356,1,0,3.22520370781388e-12,7.51608962838988e-13,0,0,0,0,0,0,0,0,0,0,0,0,0,0,0,0,5.81701912078703e-14,2.58533322450781e-13,0,0,0,0,0,0,0,0,0,0,0,0,0,0,0,0,0,0,0,0,0,0,0,0,0,0,0,0,0,0,0,0,0,0,0,0,0,0,0,0,0,0,0,0,0,0,0,0,0,0,0,0,0,0,0,0,0,0,0,0
357,1,0,2.93493537411063e-12,6.83964156183479e-13,0,0,0,0,0,0,0,0,0,0,0,0,0,0,0,0,5.2934873999162e-14,2.35265323430211e-13,0,0,0,0,0,0,0,0,0,0,0,0,0,0,0,0,0,0,0,0,0,0,0,0,0,0,0,0,0,0,0,0,0,0,0,0,0,0,0,0,0,0,0,0,0,0,0,0,0,0,0,0,0,0,0,0,0,0,0,0
358,1,0,2.67079119044068e-12,6.22407382126966e-13,0,0,0,0,0,0,0,0,0,0,0,0,0,0,0,0,4.81707353392374e-14,2.14091444321492e-13,0,0,0,0,0,0,0,0,0,0,0,0,0,0,0,0,0,0,0,0,0,0,0,0,0,0,0,0,0,0,0,0,0,0,0,0,0,0,0,0,0,0,0,0,0,0,0,0,0,0,0,0,0,0,0,0,0,0,0,0
359,1,0,2.43041998330101e-12,5.66390717735539e-13,0,0,0,0,0,0,0,0,0,0,0,0,0,0,0,0,4.3835369158706e-14,1.94823214332557e-13,0,0,0,0,0,0,0,0,0,0,0,0,0,0,0,0,0,0,0,0,0,0,0,0,0,0,0,0,0,0,0,0,0,0,0,0,0,0,0,0,0,0,0,0,0,0,0,0,0,0,0,0,0,0,0,0,0,0,0,0
360,1,0,2.21168218480392e-12,5.1541555313934e-13,0,0,0,0,0,0,0,0,0,0,0,0,0,0,0,0,3.98901859344225e-14,1.77289125042627e-13,0,0,0,0,0,0,0,0,0,0,0,0,0,0,0,0,0,0,0,0,0,0,0,0,0,0,0,0,0,0,0,0,0,0,0,0,0,0,0,0,0,0,0,0,0,0,0,0,0,0,0,0,0,0,0,0,0,0,0,0
361,1,0,2.01263078817157e-12,4.690281533568e-13,0,0,0,0,0,0,0,0,0,0,0,0,0,0,0,0,3.63000692003245e-14,1.61333103788791e-13,0,0,0,0,0,0,0,0,0,0,0,0,0,0,0,0,0,0,0,0,0,0,0,0,0,0,0,0,0,0,0,0,0,0,0,0,0,0,0,0,0,0,0,0,0,0,0,0,0,0,0,0,0,0,0,0,0,0,0,0
362,1,0,1.83149401723613e-12,4.26815619554688e-13,0,0,0,0,0,0,0,0,0,0,0,0,0,0,0,0,3.30330629722953e-14,1.468131244478e-13,0,0,0,0,0,0,0,0,0,0,0,0,0,0,0,0,0,0,0,0,0,0,0,0,0,0,0,0,0,0,0,0,0,0,0,0,0,0,0,0,0,0,0,0,0,0,0,0,0,0,0,0,0,0,0,0,0,0,0,0
363,1,0,1.66665955568488e-12,3.88402213794766e-13,0,0,0,0,0,0,0,0,0,0,0,0,0,0,0,0,3.00600873047887e-14,1.33599943247498e-13,0,0,0,0,0,0,0,0,0,0,0,0,0,0,0,0,0,0,0,0,0,0,0,0,0,0,0,0,0,0,0,0,0,0,0,0,0,0,0,0,0,0,0,0,0,0,0,0,0,0,0,0,0,0,0,0,0,0,0,0
364,1,0,1.51666019567324e-12,3.53446014553237e-13,0,0,0,0,0,0,0,0,0,0,0,0,0,0,0,0,2.73546794473577e-14,1.21575948355223e-13,0,0,0,0,0,0,0,0,0,0,0,0,0,0,0,0,0,0,0,0,0,0,0,0,0,0,0,0,0,0,0,0,0,0,0,0,0,0,0,0,0,0,0,0,0,0,0,0,0,0,0,0,0,0,0,0,0,0,0,0
365,1,0,1.38016077806265e-12,3.21635873243446e-13,0,0,0,0,0,0,0,0,0,0,0,0,0,0,0,0,2.48927582970955e-14,1.10634113003253e-13,0,0,0,0,0,0,0,0,0,0,0,0,0,0,0,0,0,0,0,0,0,0,0,0,0,0,0,0,0,0,0,0,0,0,0,0,0,0,0,0,0,0,0,0,0,0,0,0,0,0,0,0,0,0,0,0,0,0,0,0
